OBJECTID,PCON19CD,PCON19NM,BNG_E,BNG_N,LONG,LAT,Shape__Area,Shape__Length,GlobalID
1,E14000530,Aldershot,484884,155126,-0.7841,51.28895,52978156.0155792,42197.6617288847,bd957fac-c29e-4768-9c7e-2ab73e3beaa0
2,E14000531,Aldridge-Brownhills,404723,302568,-1.93166,52.62087,44016547.9783554,38590.1779551088,2add8fa0-9025-44ac-9be3-29ef7ac3387c
3,E14000532,Altrincham and Sale West,374132,389051,-2.39049,53.39766,50930495.5405426,47809.300356876,7901696d-7a19-4d35-9af9-748a1f6045bd
4,E14000533,Amber Valley,440478,349675,-1.3977,53.04283,124646400.76297,64666.5866099597,656925a9-0540-4499-863a-68c4ade11f9f
5,E14000534,Arundel and South Downs,510686,115542,-0.42635,50.92871,645233576.758709,338014.340189766,688f05e1-ccc7-4fa1-badf-a75fdfed8fad
6,E14000535,Ashfield,450035,355939,-1.2542,53.09833,107711813.739594,63095.247719434,e3c33053-c81e-4a8d-83e1-7087034fd567
7,E14000536,Ashford,595733,138824,0.795167,51.11526,503672507.538338,154449.53295188,ad5aae8e-d803-4106-9afd-623daecdd7e9
8,E14000537,Ashton-under-Lyne,392394,399819,-2.11611,53.49503,27792148.3172302,38097.0402958334,190eb176-5cbc-44f4-b07f-b2f5c175f384
9,E14000538,Aylesbury,482160,199541,-0.81283,51.68862,185457075.494232,150691.599889811,1845a4a2-e14e-419a-b196-0512a55d2797
10,E14000539,Banbury,441108,233685,-1.4026,52.0001,463664227.653206,193904.411455997,98e0ba05-444a-40c3-8658-b55a4ae88fc8
11,E14000540,Barking,546096,184534,0.105303,51.5408,20435367.545723,31103.125811022,95dca662-3a7d-49e1-b02a-83923e3210ae
12,E14000541,Barnsley Central,433719,408537,-1.49228,53.57237,48369591.4505463,51122.339047007,dffb755b-557c-4b43-88bc-f768bdff97f8
13,E14000542,Barnsley East,439730,404883,-1.40198,53.53911,86803998.2777557,59925.8677822569,8bd80937-e3e6-43a5-8ff0-1ff4eb92dff5
14,E14000543,Barrow and Furness,325364,484650,-3.14704,54.25207,281322348.901825,226211.695107404,97ad0adf-dcf7-4375-b097-464ba0ca7175
15,E14000544,Basildon and Billericay,569070,192467,0.440099,51.60566,60231747.2517624,38649.2220730791,39821b5f-7b8a-475c-b64f-fad5a9311650
16,E14000545,Basingstoke,465234,151979,-1.06642,51.26324,58915644.3814468,47990.4089288479,0c689716-2221-4bd6-a049-6b9d5f2aaa23
17,E14000546,Bassetlaw,469769,385125,-0.95316,53.35843,479521828.692276,142677.003948636,65d9a285-19fc-42ea-960f-03f53e2484b4
18,E14000547,Bath,374693,164413,-2.36499,51.37819,28675524.2372551,34772.06313545,11f1718c-6fa0-4035-bb17-b088f9ea4023
19,E14000548,Batley and Spen,420570,425305,-1.68974,53.72376,55060285.5976257,47395.9031700863,f9cfd369-c022-4b23-87a4-1f9b8b8b0e6e
20,E14000549,Battersea,527493,175641,-0.166,51.46538,10277050.6139069,22147.8919059868,7b4d2f7c-2b6a-435c-8e06-258195f9c18f
21,E14000550,Beaconsfield,498198,185455,-0.58484,51.55944,176255335.245819,105905.25966264,93597d36-509a-45a7-b24d-8e97e4d756a2
22,E14000551,Beckenham,540141,167041,0.012564,51.38512,34484271.989563,36829.8716408112,3b415886-8308-4b66-a357-b74aa97a46a6
23,E14000552,Bedford,505470,248675,-0.46072,52.12634,33939230.9051361,35848.1357823124,eb8c9a40-2e3c-4cc9-b8df-a2f47699ece0
24,E14000553,Bermondsey and Old Southwark,533846,178921,-0.07335,51.49339,10429574.4906387,21824.954201405,09638c63-aedf-4bb3-a28e-f0e99c36f139
25,E14000554,Berwick-upon-Tweed,404421,611906,-1.93175,55.40107,2384021442.20911,428548.694562906,e00ba7c9-0146-49f6-bf55-861392169293
26,E14000555,Bethnal Green and Bow,535339,182777,-0.05038,51.52769,9165697.98550415,16148.4764827064,a7045834-d3d3-4bca-9ebb-da346ef72c5f
27,E14000556,Beverley and Holderness,523452,430761,-0.12892,53.75861,774776656.097763,250255.106244141,1d01d9f2-b8c9-4eb3-a4c3-40f7bb1c14b2
28,E14000557,Bexhill and Battle,572483,119005,0.453908,50.94467,529026117.598907,183977.718356201,21dcb86d-3607-4f23-844e-7f381846d63a
29,E14000558,Bexleyheath and Crayford,549969,175942,0.157459,51.46258,21625060.058197,32390.1803003978,3c548040-46cc-40ec-8ba6-55910661fe24
30,E14000559,Birkenhead,330479,388287,-3.04673,53.38684,25121123.468811,24493.0140908674,2ae702dc-134f-4cb0-9537-2072b1754e59
31,E14000560,"Birmingham, Edgbaston",402500,283463,-1.96463,52.44913,28317158.0920639,30690.529212651,43f9125f-c6f8-4c64-aaf4-51cf47f58716
32,E14000561,"Birmingham, Erdington",410573,292673,-1.84556,52.53183,22049583.645668,25169.895598596,cb82b8b6-e1de-4c2d-a55a-c9451ed4072f
33,E14000562,"Birmingham, Hall Green",408501,282513,-1.87636,52.44053,19724853.8570786,25831.102559537,90b77a91-a87a-4312-af79-24d4549b15b2
34,E14000563,"Birmingham, Hodge Hill",410878,287656,-1.84123,52.48673,20513774.08741,29661.5693598299,9169c080-3735-4733-8483-1025d811173f
35,E14000564,"Birmingham, Ladywood",407075,288133,-1.89722,52.49108,25744985.9180069,35991.3925985593,91b972e7-23d5-4feb-9626-368cb770141f
36,E14000565,"Birmingham, Northfield",401888,279459,-1.97366,52.41314,24456412.8899765,33501.558166712,6403dfd1-2868-4a73-a442-a8aa7387063e
37,E14000566,"Birmingham, Perry Barr",406035,291868,-1.91247,52.52467,24857445.1392059,28244.6518259421,9399ddf1-8889-4b4d-82b7-7af2e037f363
38,E14000567,"Birmingham, Selly Oak",406396,280770,-1.90736,52.42489,21875870.7810516,30876.3758307114,d660407f-69f6-4d0c-9b31-f0e01755999e
39,E14000568,"Birmingham, Yardley",412993,284792,-1.81019,52.46093,22614284.3128204,28125.0059767975,c7d7ecf3-10ae-4454-a4b4-894970572ad8
40,E14000569,Bishop Auckland,400989,521813,-1.98621,54.59151,922670436.604782,197529.171478942,e2a1609a-34eb-40d1-9695-5b818830a3f6
41,E14000570,Blackburn,367090,427991,-2.5005,53.74726,40344202.8934174,32080.5060312109,f8c9fc48-bdd4-4d09-a780-ddec62ab79f3
42,E14000571,Blackley and Broughton,384164,401961,-2.24027,53.5141,28152044.1959839,34864.7020603806,8aa3d25a-c02f-496b-ba17-edbe8b935594
43,E14000572,Blackpool North and Cleveleys,333054,443884,-3.02,53.88681,22985052.6728363,37379.3859466902,27d2b8bf-38e2-4bea-be1b-db5eb2cf60fc
44,E14000573,Blackpool South,332819,433903,-3.02139,53.79709,20223009.5202332,23370.7968825184,216d1a6f-548c-469f-a7d6-5585b581aa64
45,E14000574,Blaydon,417664,559658,-1.72588,54.9313,110323522.376999,77940.060673749,23bf9faf-0d87-445e-b3c8-fb3af24219ae
46,E14000575,Blyth Valley,428120,577680,-1.56095,55.09276,70392142.8169403,50870.3326089849,d9ad23ba-fe6f-48e3-bcc0-f8862b3f9efe
47,E14000576,Bognor Regis and Littlehampton,494563,100500,-0.65959,50.79635,61294909.1121597,71927.8097399826,13014edb-ead0-4bdd-b911-fbd438dd80a0
48,E14000577,Bolsover,447998,366869,-1.28299,53.19676,226405516.116669,120888.196917112,c3274510-bfc3-433c-b52d-26ab292043b4
49,E14000578,Bolton North East,372934,412475,-2.41053,53.60814,35943256.2039948,36869.8434545399,996efec3-e508-4368-85b6-2e4bc74f2211
50,E14000579,Bolton South East,371679,406344,-2.42894,53.55297,36824187.1379242,36791.2581731685,0c2e5b94-0539-4633-8a8d-bb46c038c80b
51,E14000580,Bolton West,364518,408253,-2.53724,53.56969,71763713.6850739,58858.5291660038,b053637e-ed35-4da6-ae43-d513f3b1c2f5
52,E14000581,Bootle,333915,397229,-2.99696,53.46765,25843580.858139,24981.5124996803,50769c51-a69c-4b98-a481-59c77bd75723
53,E14000582,Boston and Skegness,537721,349837,0.052108,53.02812,708059560.26712,287976.58185515,1899f4b4-c278-42e7-bac1-595521c8fcbe
54,E14000583,Bosworth,439538,301379,-1.41755,52.60877,289040862.22818,111981.353440873,f2efca75-2f26-45ce-a8f4-d2afab57652f
55,E14000584,Bournemouth East,411612,93657,-1.83678,50.74239,25530519.9605637,39202.075243941,e7da0ec0-3e1a-4bea-8712-0906b8a90845
56,E14000585,Bournemouth West,406759,94023,-1.90555,50.74576,27178169.0657959,28828.6025108233,0cb00252-fc6c-4af5-932d-9b161d6e2c46
57,E14000586,Bracknell,483647,165246,-0.79947,51.38011,73946684.5438232,49953.5944001698,300c77e4-3458-46b7-8e36-b69b964b839d
58,E14000587,Bradford East,417427,433388,-1.73692,53.79652,28454709.4729004,37368.9288821185,9ab1ee73-cff5-4f0d-bfc7-110e8bbe66a9
59,E14000588,Bradford South,415841,429295,-1.7612,53.75978,43261130.7637177,62610.1202911956,017526fc-bef0-41f2-9786-aee30ebeb3f8
60,E14000589,Bradford West,412492,433844,-1.81182,53.80076,35244277.5624237,41139.5617044349,27296592-1838-4dc5-ae40-bf0c64df4bbf
61,E14000590,Braintree,577253,232650,0.578649,51.96407,467565134.017975,143248.944169985,320cdfce-465c-4b0a-ab1b-80660495db07
62,E14000591,Brent Central,521541,185236,-0.24833,51.55293,18285057.9763107,29495.0000172625,205990a8-4aa9-45fe-98fb-c83bbd9ab838
63,E14000592,Brent North,518094,186649,-0.29755,51.56636,20788547.7692261,29733.2813347623,55b2e50d-c2bb-4f70-8406-dd5e998c75da
64,E14000593,Brentford and Isleworth,516568,177052,-0.32273,51.48042,26145780.0508652,46816.6509542454,92000527-18d3-44e7-a371-92680cec312e
65,E14000594,Brentwood and Ongar,556779,200101,0.266181,51.6778,316708992.002686,100003.207787813,507b6a5b-cc29-4e4a-9dc5-1d09557f3b67
66,E14000595,Bridgwater and West Somerset,302014,136701,-3.40144,51.12118,1081908601.1603,310813.758983306,e9938a93-71e8-42dc-a168-159ef9632cec
67,E14000596,Brigg and Goole,476705,409463,-0.84303,53.57618,637308049.857803,267358.182962646,464d57ab-6d08-4639-80c2-cb4917be8f38
68,E14000597,"Brighton, Kemptown",534575,104474,-0.09068,50.82416,39759997.0677719,47140.7892370452,6e1d69ef-44d3-4d96-b2bf-998230ab7220
69,E14000598,"Brighton, Pavilion",531231,107526,-0.13704,50.85236,29037855.6916428,33987.1210389033,cf57379d-5492-4e58-8e9a-adb131bbb10d
70,E14000599,Bristol East,362430,172547,-2.54204,51.45065,23708756.1293945,34798.7262915255,75684a10-93c0-4520-bf94-ca7e7449acb7
71,E14000600,Bristol North West,355048,178219,-2.64899,51.5011,44175790.3821716,69456.2351126817,c087fd4c-ec6b-4533-ae5c-b48a4b6bf583
72,E14000601,Bristol South,358409,169601,-2.59956,51.42388,24576412.2289925,26473.9725112807,989c671a-5697-40b4-9840-eb470c4fb272
73,E14000602,Bristol West,359407,174253,-2.58574,51.46578,17239169.953968,22660.3438323711,2841fa80-3ab4-47b7-826e-56ccdda08d45
74,E14000603,Broadland,617274,321242,1.217577,52.74513,763952980.662201,309987.37422028,1b8e2b8e-c56a-43c3-a19f-99771cb3fb1b
75,E14000604,Bromley and Chislehurst,542971,170358,0.054539,51.41422,29408390.985199,38505.3349607362,84f86e78-9561-4107-8792-db5385cb52a5
76,E14000605,Bromsgrove,399840,273736,-2.00376,52.36169,216968481.075821,113135.446682073,49efdda4-7d83-4079-bdea-9cb926d82c11
77,E14000606,Broxbourne,534218,205427,-0.05786,51.7315,66870619.3069382,47860.6510025556,daa865d6-8f0f-45c2-bd0d-a3035e6b11b4
78,E14000607,Broxtowe,450754,346085,-1.24501,53.00969,65790599.1948547,57540.9306859136,fd5e89c1-3f82-4748-a620-dd510f3a11e9
79,E14000608,Buckingham,477472,222419,-0.87553,51.89495,866945903.642555,262429.658954512,05cf2591-b61c-4e80-b981-57443b02f32a
80,E14000609,Burnley,384886,430882,-2.2308,53.77406,110684000.239899,57764.5705752294,eac48566-09b7-44cd-ae5a-dd858e24682d
81,E14000610,Burton,404391,334740,-1.93615,52.91008,243376410.132256,161650.743271914,234b77f2-fe84-420b-9454-86d6bb3adcc0
82,E14000611,Bury North,379312,413522,-2.31421,53.61784,51013144.669754,45515.3154050485,c10eb20b-03c7-499d-900e-e2359d372723
83,E14000612,Bury South,380354,406519,-2.29801,53.55494,48446982.2327118,49291.0035296783,ef272b77-dfc4-466a-891d-9600a567b6a2
84,E14000613,Bury St Edmunds,594529,264764,0.848119,52.24668,502058531.65744,179769.91635222,c4b6ff40-d1a1-4dd4-913f-6742218ae668
85,E14000614,Calder Valley,403388,423842,-1.95014,53.711,306262683.292786,124620.092503722,bacd38e6-2123-4a72-a1a6-7a4e6231f6e1
86,E14000615,Camberwell and Peckham,533978,176264,-0.07246,51.46949,11396354.1747284,21798.1942159709,634697b8-b8ea-404d-961e-8e27bf7c64c8
87,E14000616,Camborne and Redruth,171361,37224,-5.20458,50.19078,279274042.483511,161323.795846795,7cb9e89a-67aa-41d0-95b4-610d43e9f467
88,E14000617,Cambridge,545420,257901,0.126436,52.20017,36180583.5172424,41124.9278561272,e9cd55b5-6525-489d-8caa-50ca659dc4dd
89,E14000618,Cannock Chase,401261,311553,-1.98277,52.70166,78882570.4931564,50127.6044538489,e94f0577-363e-4846-be16-c5e0d302391e
90,E14000619,Canterbury,615367,155812,1.085447,51.26077,248695925.213333,116858.566479868,402f96eb-2038-48a4-b9ed-147e727ec81b
91,E14000620,Carlisle,339760,552332,-2.94001,54.86213,210579046.692963,118569.115708152,f13a616c-9474-4ddf-b924-efc665428d57
92,E14000621,Carshalton and Wallington,528288,163524,-0.15894,51.35631,25497744.6081161,31792.6827764032,6f3076d0-be3b-4603-942f-f344c3062b9e
93,E14000622,Castle Point,579490,187920,0.588084,51.56159,44673525.2914047,163452.231415356,4d9c71a2-044f-42b5-b104-ed901f8618ce
94,E14000623,Central Devon,272816,92580,-3.80304,50.71888,1413446219.90187,301058.791529387,b03e9469-3002-42aa-a268-469118767afe
95,E14000624,Central Suffolk and North Ipswich,619438,262142,1.210705,52.21378,796226608.055878,198725.5474817,4bbec137-ee07-474c-a274-d5cdec681b45
96,E14000625,Charnwood,458723,311183,-1.13253,52.69517,171525682.109749,124165.619246998,b364e803-20f2-46e7-8866-283ec8af9ecd
97,E14000626,Chatham and Aylesford,574815,163049,0.508434,51.33964,61457489.9791489,85139.4603279052,13711dfe-72b4-4b1c-868d-038d7ee61055
98,E14000627,Cheadle,387557,385611,-2.18845,53.36723,39372059.6929474,39912.4900647643,ec764f6d-43c4-442c-9ae0-34c8e53e4966
99,E14000628,Chelmsford,571558,205432,0.482346,51.72137,42391717.8907928,37959.9034777412,c15533d1-33cc-43ad-90b4-9a58057fa139
100,E14000629,Chelsea and Fulham,525981,177080,-0.18724,51.47865,8285213.71810913,16995.3790540194,1894a75f-3c47-4b14-8933-e126a380129a
101,E14000630,Cheltenham,394670,221154,-2.07884,51.88892,37245281.0378799,35045.3177312316,0f7fd822-df37-4ffd-a446-b5ffa607d3d8
102,E14000631,Chesham and Amersham,495432,198692,-0.62112,51.6789,196348229.803986,87262.6779132262,f49aeb3f-2d38-4144-b535-eb08696af3d1
103,E14000632,Chesterfield,440100,372487,-1.4005,53.24791,47356749.9627228,47526.2151234407,a5681976-acb0-4042-bb6b-f8a2189c55cf
104,E14000633,Chichester,490172,116639,-0.7179,50.94214,621203461.370754,305724.703768386,84e5a396-fd17-4752-b32c-5b72df3b0e92
105,E14000634,Chingford and Woodford Green,538751,192824,0.002733,51.61714,19051108.7092209,22364.5006579924,c000b053-f907-4c25-9b93-4837dea0052b
106,E14000635,Chippenham,385912,164688,-2.20381,51.38106,167622472.664898,94800.8643736184,2ad91ab4-91c3-48f4-9750-d9344d2664e1
107,E14000636,Chipping Barnet,525721,194354,-0.18481,51.63395,34595486.1942215,39945.6036943089,1b7a4c51-6a56-4eb5-8a9d-640cf78aae71
108,E14000637,Chorley,358735,418081,-2.62586,53.65759,155203527.309067,78420.0110733941,e3e4c7bf-cde7-4c68-a8b4-adb8105f7f24
109,E14000638,Christchurch,412843,100944,-1.81908,50.8079,108720993.905571,106585.100186517,dda320b6-8203-4a0e-9186-4c0165fcb1b5
110,E14000639,Cities of London and Westminster,528184,180100,-0.15444,51.5053,16386310.0213089,29244.3433589029,053cefa4-ff28-4124-b07a-10c3c7c7bc2d
111,E14000640,City of Chester,339232,361928,-2.9101,53.15102,133509411.578705,91965.3648068716,410db72f-71ec-4974-8852-da217a078c6a
112,E14000641,City of Durham,427183,541519,-1.57903,54.76787,186683244.406082,100041.198666233,2fc5d611-6822-41ae-a776-c166f6f46db5
113,E14000642,Clacton,618205,219639,1.165613,51.83273,131182315.432915,288309.24438143,4ccad813-dba1-4abb-a751-ba5ae811a60a
114,E14000643,Cleethorpes,516876,415684,-0.23429,53.62467,331198871.58316,165269.980315913,128f1903-685a-4fe7-9760-568260f7d043
115,E14000644,Colchester,599674,224891,0.900077,51.88681,45611804.5076904,39799.6094036213,ad0cc4a5-b7eb-4137-965c-361c7d748f92
116,E14000645,Colne Valley,408584,411123,-1.87177,53.59662,180371681.451569,74556.2158218095,50cbe214-eb32-4fa7-814f-eb03969e524c
117,E14000646,Congleton,380524,363233,-2.29277,53.16587,211005248.922119,102256.596162568,6d864b56-91dd-4371-82a2-359af1330127
118,E14000647,Copeland,314472,504225,-3.31979,54.42624,1184522624.0672,315956.893521419,a00130d5-8a1f-45a3-9960-5f85db46f893
119,E14000648,Corby,496882,284831,-0.57575,52.45286,553951158.780365,168840.307826681,1a878c2e-244c-4e75-bedb-679b66babd66
120,E14000649,Coventry North East,436254,281108,-1.46825,52.42677,27232324.2130585,28822.2844767726,7fa27b10-7614-4958-aef7-ecc05b806241
121,E14000650,Coventry North West,430295,281733,-1.55582,52.43275,38524210.4509964,32684.5387691118,d296b891-7c0b-4187-988f-af23c56836e9
122,E14000651,Coventry South,432903,277293,-1.5179,52.39269,32882525.1339264,43185.3206455217,54fd8f2c-a0c9-4ae6-be1d-a4f69bc0ab6a
123,E14000652,Crawley,526390,137581,-0.19533,51.12357,44971204.9726944,38799.7232795745,9db6b868-73fe-4761-8b84-4619cf85a9b4
124,E14000653,Crewe and Nantwich,371379,350813,-2.42844,53.05381,136190674.460182,69307.3132338424,fd20fadc-7cb2-4154-aea1-65e18e7d3d2a
125,E14000654,Croydon Central,535760,165277,-0.05102,51.37033,25641496.3207855,31419.0749536753,fb40d205-a4c1-4b14-b077-2382f819097b
126,E14000655,Croydon North,532366,168762,-0.09846,51.40245,17564976.5110168,21132.793758606,1db5ec6b-8d21-499a-8555-170e600be96f
127,E14000656,Croydon South,532475,160711,-0.09989,51.33007,43287966.05159,39168.2873048162,a64df673-501b-4183-ac21-0450af765b6c
128,E14000657,Dagenham and Rainham,551634,183167,0.184512,51.52706,40966648.9789581,47796.9489949053,889be536-bc99-4f19-bb1d-75635b2f762a
129,E14000658,Darlington,429096,515409,-1.55189,54.53313,30039607.2799377,31527.3329905192,0c23aae2-528d-4690-8c95-fcf6a963fbcf
130,E14000659,Dartford,556489,173120,0.249994,51.43547,85872191.2137604,74872.5871149598,58d3738c-cff4-466d-9e06-8d9e47bbc842
131,E14000660,Daventry,469194,268437,-0.98648,52.30971,748417402.450836,216124.616231553,5e5d82c6-850d-42f7-9155-ab441cb88187
132,E14000661,Denton and Reddish,391356,394907,-2.13162,53.45086,25685346.1114502,44068.4687516108,ff35ba36-b9bd-452d-a202-8e3c7b4d02a8
133,E14000662,Derby North,432427,336128,-1.51913,52.92161,29508336.5578308,36578.7176663337,32807beb-6738-4cd3-a2b8-ac8060229fce
134,E14000663,Derby South,436265,333095,-1.46239,52.8941,31220664.3047943,31984.1582586665,a6abeeb6-5749-476d-8d1e-19193bc00ebc
135,E14000664,Derbyshire Dales,420966,359002,-1.68812,53.12779,910858604.328072,251880.202342186,7f17bca5-135f-4df9-8f1f-859751d03517
136,E14000665,Devizes,413665,161526,-1.80514,51.35264,1023422419.77663,199315.037453447,318f783e-a2f7-42ac-a3f4-3ac0b00d65fa
137,E14000666,Dewsbury,421195,414257,-1.68102,53.62443,126070563.36499,79721.7588268801,748de523-88b9-44c6-8d6a-439ad545d7a3
138,E14000667,Don Valley,460102,396080,-1.0963,53.45807,250862686.241272,122444.741194817,00be4e82-f08a-415a-9b42-bb45445b9158
139,E14000668,Doncaster Central,460833,404244,-1.08372,53.53136,60567890.4638672,61064.0666155139,75e809c0-4ce1-46d7-9839-b59e6fbf476d
140,E14000669,Doncaster North,455325,408912,-1.16598,53.57392,256591680.56131,144832.830847692,5f8af011-2cd3-4740-ba0b-8423aad74d25
141,E14000670,Dover,629114,147137,1.276606,51.17754,214175846.007713,96710.2662554179,e6f8aee5-634b-408c-9269-5d740cba5cee
142,E14000671,Dudley North,392287,291911,-2.1151,52.52503,23073785.8633575,28792.4540558816,c3669583-d18d-4661-9ddb-fd9bf259864f
143,E14000672,Dudley South,391503,288292,-2.12656,52.49248,25376320.6225967,28727.6535172393,18529339-b0d2-4e0f-8ae7-ef7b92ec1047
144,E14000673,Dulwich and West Norwood,532835,172745,-0.09023,51.43813,14836925.0736313,21230.1984326228,44fb277b-7793-46f2-a5a0-91db4318330f
145,E14000674,Ealing Central and Acton,519016,181119,-0.28613,51.51646,17939427.4898453,24595.6895340376,9609aa7e-b8bc-40ed-aef9-4f80da7664ff
146,E14000675,Ealing North,513800,183124,-0.36062,51.53556,23266560.0807877,27137.2429063846,b7e24b67-d355-46ad-b9ed-d015e26f4c37
147,E14000676,"Ealing, Southall",514022,180335,-0.35832,51.51044,14338359.6472244,26529.1154355415,e6cdb594-047f-4d31-b70c-4ec79511b7b8
148,E14000677,Easington,441536,544396,-1.35555,54.79275,117569589.39212,70120.6912343776,5d7c19c6-63fd-40bd-934a-39657e795466
149,E14000678,East Devon,305686,90918,-3.33714,50.7102,333157602.22851,121879.530986061,1f10008f-ebd2-43ca-960f-712615433cc1
150,E14000679,East Ham,542704,183069,0.055833,51.5285,18852555.4609909,28635.5020509087,549dacc5-8336-4c7f-9edd-42b052572632
151,E14000680,East Hampshire,474404,130897,-0.93937,51.07258,463614075.348408,124035.345960285,c0e07ad3-5f4d-450e-8c53-1d2e46e2106d
152,E14000681,East Surrey,535127,149673,-0.06601,51.23025,259431716.547882,89763.8098683026,33e889eb-5db2-47f8-b66e-ddd3a9937f72
153,E14000682,East Worthing and Shoreham,516691,106109,-0.34395,50.84274,55443768.7435303,67042.3991480074,1fc99ebb-b30d-4390-b481-30ed6c3eaf82
154,E14000683,East Yorkshire,494363,455529,-0.56236,53.98722,1052758011.91507,254967.562214331,f1076e9d-b8f5-4f61-aeb8-219f6258bca6
155,E14000684,Eastbourne,560047,100414,0.268914,50.78121,54951544.8436813,39753.0944886056,4fced6f6-c363-4093-8326-99f16b51c6e9
156,E14000685,Eastleigh,447457,116523,-1.32584,50.94619,72542875.4557152,72657.6095891443,91a0bfbc-9fcc-4e41-8203-3505779b6ca8
157,E14000686,Eddisbury,355955,357876,-2.65951,53.11625,712449906.486694,218981.995775847,07c2b6b2-ab39-4935-8ba4-853e4f69f685
158,E14000687,Edmonton,534700,194035,-0.05527,51.62901,19743097.9071808,23187.3377809363,5f055eab-1de3-4699-ba7f-800aa3875c36
159,E14000688,Ellesmere Port and Neston,342023,374067,-2.87058,53.26043,123071114.502983,145815.315040844,63c467e2-7eb0-4e6c-83f3-e84b323124c2
160,E14000689,Elmet and Rothwell,437927,442179,-1.42463,53.87445,246012436.095551,117554.085994896,fa020a3a-0c4b-4e0c-9531-d435d21fb6f3
161,E14000690,Eltham,542694,174625,0.052278,51.45263,21593213.7889862,27770.6052037159,018986a3-b6ed-4b44-8391-9dd6d1366381
162,E14000691,Enfield North,533311,198224,-0.07373,51.66698,37272230.6124039,35173.4633608388,787b0a6d-00f7-46d9-a475-d642e6f6dfcd
163,E14000692,"Enfield, Southgate",529426,196196,-0.13063,51.64967,25184861.0294113,38145.4414888204,7411d1f4-a042-4d12-b80e-e20f5af30629
164,E14000693,Epping Forest,542999,199636,0.066831,51.67729,126245638.466377,74603.377809129,9732cc2b-60bd-4d50-873d-ab432913abae
165,E14000694,Epsom and Ewell,520890,161165,-0.26593,51.33673,51739548.812233,35598.6202316782,fe6e25c9-73fb-4254-b762-5dd8edbbf86c
166,E14000695,Erewash,446887,337932,-1.30382,52.93676,60042965.0028992,58868.2143637748,f09957aa-ffbe-4cb7-839d-91cd66582a25
167,E14000696,Erith and Thamesmead,547902,179126,0.12906,51.49174,23311625.3376694,25294.7783413475,6bd2ee68-c2b1-49d9-a30f-922825e5c5eb
168,E14000697,Esher and Walton,513123,163563,-0.37662,51.35988,80547555.3276443,45303.3804094479,868f5242-ea67-4def-a7ae-bf00f3b34702
169,E14000698,Exeter,293158,92888,-3.51508,50.72574,37954234.577095,41892.0993198801,db03e512-dc78-4fbe-a11e-355e4960e501
170,E14000699,Fareham,455616,106742,-1.21119,50.85751,63256257.3045044,66155.1198438187,37043085-0bd1-48fc-a123-dae9b47fa3d6
171,E14000700,Faversham and Mid Kent,589077,153140,0.707712,51.24608,388063082.430672,162686.211101437,5162b8dd-c76f-4242-ac44-eacbcda81a16
172,E14000701,Feltham and Heston,510743,174852,-0.40727,51.46181,29824703.62397,38053.2253895812,19716988-bec9-48e8-bac1-106373e3aebe
173,E14000702,Filton and Bradley Stoke,359918,181651,-2.57923,51.53233,80710507.4164543,66366.3769872011,170d8b2a-14b2-4a4f-853d-6c566ab1b642
174,E14000703,Finchley and Golders Green,525192,189003,-0.19436,51.58598,20813118.0047302,26654.9852633253,6b5b51e0-5e0e-4372-b8b2-066aff572589
175,E14000704,Folkestone and Hythe,610318,138085,1.002823,51.10347,433865842.695473,153972.626380884,bcdc2e22-9567-4a7b-ad1c-eb04b097fbd0
176,E14000705,Forest of Dean,370366,223234,-2.43216,51.90685,583704676.456047,212332.763059494,9aa0cafd-0b4e-484f-9585-47181200d9fc
177,E14000706,Fylde,340574,433972,-2.90369,53.79865,173899079.232483,150283.272637844,30677976-33be-4ff7-aad9-851061fa4b2f
178,E14000707,Gainsborough,499314,390326,-0.50774,53.40044,1201138229.01079,246495.501303492,b2dc0954-5912-497e-89ac-e3ffa566c5bc
179,E14000708,Garston and Halewood,343589,385827,-2.84921,53.3663,51008076.6659317,38659.0508518675,928c3864-caf2-44cb-97d1-fbcb52425245
180,E14000709,Gateshead,426033,561058,-1.59515,54.94351,24615486.7091522,34184.9103774918,d8fa019c-5816-4db1-9f74-9bc3e18423d1
181,E14000710,Gedling,462238,343793,-1.07432,52.98788,38135918.2202911,43875.5225816876,15edb2e2-c201-40e7-9c3c-df551987255b
182,E14000711,Gillingham and Rainham,580021,165777,0.584473,51.36253,30386414.7651367,51989.7526034092,f6a563d5-29ec-41ca-84d5-ef13b52ba432
183,E14000712,Gloucester,384048,216342,-2.23296,51.84545,37719854.4451675,34192.447034883,e18d5181-8274-4ca6-a692-d472bb168d67
184,E14000713,Gosport,458437,101444,-1.17196,50.80959,36377666.6071434,45027.649830737,38708239-6522-4185-84af-cceebba0eb7c
185,E14000714,Grantham and Stamford,502953,323566,-0.47439,52.79985,685708827.269913,168095.268813895,69ec25a2-8ad7-4052-8346-bf7aaebdc820
186,E14000715,Gravesham,566969,169114,0.398744,51.39649,98991345.0272446,60516.7991560889,97feb54e-7e4d-43da-97d6-20f81e56fd0c
187,E14000716,Great Grimsby,526243,407997,-0.09584,53.55345,28131672.6917877,30807.1817911649,25d7c798-757b-4daf-a742-a34a93082722
188,E14000717,Great Yarmouth,646761,315881,1.64951,52.68439,174330776.347427,145970.743372699,fa697b0a-f9ad-44bb-b3e9-31566fc1b154
189,E14000718,Greenwich and Woolwich,541982,178079,0.043424,51.48384,16804922.1219711,34077.851402555,c244be5e-7c0e-4681-97df-8afd460559c1
190,E14000719,Guildford,499332,149061,-0.57866,51.23209,188649721.986805,121109.041550191,4ccb6d2b-49b7-4ace-b7cd-3d4ae0187641
191,E14000720,Hackney North and Stoke Newington,533597,186241,-0.07416,51.55923,9062132.0785141,15694.5359610186,522d807f-b727-4013-a40a-ec19f51a86de
192,E14000721,Hackney South and Shoreditch,534514,184214,-0.06172,51.5408,9986898.27417755,21552.7259076412,65c5c611-0951-4eec-984d-0cf2148e707d
193,E14000722,Halesowen and Rowley Regis,396407,285885,-2.05431,52.4709,29762015.0888748,37394.5464499965,7208623a-2a61-4139-a44d-88e3f31d7862
194,E14000723,Halifax,408844,427072,-1.86739,53.73997,57698306.2358704,52883.233031653,b473f278-6c93-49d7-ab13-a36a9fdd353c
195,E14000724,Haltemprice and Howden,488260,432100,-0.66215,53.77778,431817451.773697,156252.158544078,ba8e21d3-9670-4299-83e4-d587f4b03abd
196,E14000725,Halton,350931,385329,-2.7388,53.36255,50842919.6085434,62865.9398534952,133bfea5-e793-4dcc-bfa4-b954f406dae1
197,E14000726,Hammersmith,523262,179605,-0.22549,51.50195,11280292.137291,19066.6208431856,51c595be-e066-4dc4-abb9-0e348576ac41
198,E14000727,Hampstead and Kilburn,525224,184366,-0.19555,51.5443,12754903.6979675,22790.1548119824,f399d777-6e6a-415a-9b50-bb2d4c429773
199,E14000728,Harborough,467129,293798,-1.01169,52.53793,204882706.433662,117530.369802107,ab7c13c3-84fe-46a0-b892-f6d3b1a071e1
200,E14000729,Harlow,544823,209764,0.097401,51.76783,79691458.0298615,74669.6672658171,8b782578-b165-427c-94e0-c89261ff7b26
201,E14000730,Harrogate and Knaresborough,433778,459121,-1.48587,54.02699,148146992.163757,87615.3113475295,cf377b3f-e952-4314-b01a-d804a416b3d8
202,E14000731,Harrow East,516589,191686,-0.31759,51.61194,23709009.5251846,24815.8484723541,f57b62ae-a965-431f-a06d-d3841ef09c0a
203,E14000732,Harrow West,514330,188003,-0.3514,51.5793,17852609.6951218,23061.0989332966,62e46c72-5e72-4c4c-817c-e8ae493b5d7a
204,E14000733,Hartlepool,447160,531474,-1.27018,54.67614,93712619.8180542,71011.9339493168,5123f4c6-3fbd-431e-8b65-3f26c2c0a3e6
205,E14000734,Harwich and North Essex,606257,226702,0.996677,51.90068,392056191.623817,434962.299414062,c2827e30-cdc2-44f7-afa8-d3e08f7e8647
206,E14000735,Hastings and Rye,586036,116839,0.645516,50.92101,177043097.956131,115279.850485081,1b5397f8-77e3-4db3-b2f8-1bc03c6f83e4
207,E14000736,Havant,471155,107783,-0.99025,50.86517,47583923.5776253,111299.483733833,1aca6c9c-94ae-4255-b45c-49afe80f8901
208,E14000737,Hayes and Harlington,508166,177727,-0.44347,51.48815,45035134.114357,36333.5596600536,c1abf80a-405e-4a71-9805-d8cf489ec326
209,E14000738,Hazel Grove,395593,389164,-2.06774,53.39929,58297922.8661804,47386.4455488169,8db50dea-05f8-4fe0-8f20-8234b7e44aa8
210,E14000739,Hemel Hempstead,503880,211168,-0.49526,51.78954,104371433.336662,68747.9549269643,4c5d972a-8778-4748-87fb-e85d9bece199
211,E14000740,Hemsworth,440578,416338,-1.3877,53.642,149977076.532211,78999.149546251,3af60a8a-a8ff-4c01-9434-35abc88e8393
212,E14000741,Hendon,521216,191863,-0.25073,51.61255,31339719.6359406,32568.2949146958,09382871-f6bb-467c-813e-ee41d7b9ae3d
213,E14000742,Henley,461998,194076,-1.10542,51.64208,684058780.190956,237675.613868677,30a570dc-d599-4b02-9cc2-be599a6f25b1
214,E14000743,Hereford and South Herefordshire,342784,230969,-2.83435,51.97423,724146255.341286,211231.934373893,18adf5b9-d334-422e-a805-b6c78b6250c4
215,E14000744,Hertford and Stortford,540248,214919,0.033228,51.81531,156613054.825714,93980.3228633934,a08b68cc-1715-41f2-bfac-d5c5629980e3
216,E14000745,Hertsmere,519774,199352,-0.26899,51.68017,101128162.74321,61228.1638486118,7e6d1fa1-6072-47d2-8e56-3610b29b7b84
217,E14000746,Hexham,390212,567671,-2.15456,55.00351,2439539617.18805,360854.509803466,4a6c7137-fe2b-4de5-b160-46d167c3230d
218,E14000747,Heywood and Middleton,385746,412106,-2.21688,53.60533,72572369.2609711,57770.5096739517,b03ef319-e7a7-4771-825a-a7a5bed878f7
219,E14000748,High Peak,410474,387660,-1.84398,53.38569,540253999.811874,159632.998758142,43e7e4c1-8361-44e1-87c5-c15abeb66f1a
220,E14000749,Hitchin and Harpenden,517305,222266,-0.29695,51.88662,256243003.731987,136017.386927857,43718661-2586-423b-9273-f6e7b13b5713
221,E14000750,Holborn and St Pancras,529119,183943,-0.13957,51.53962,13193437.852829,21699.7661596746,14473d9b-ff43-46e9-a3ae-652da46729af
222,E14000751,Hornchurch and Upminster,556974,186879,0.263081,51.55895,57641643.336853,49922.8104322153,76f20f81-6b7b-4560-a3aa-042ad6a02127
223,E14000752,Hornsey and Wood Green,529562,189749,-0.13104,51.5917,16449739.8059845,22734.2447508581,8209382c-3c49-42be-87f0-536cbaf49263
224,E14000753,Horsham,516728,128429,-0.33628,51.04336,344324412.75346,162014.226659306,8ea69a58-0ea8-4278-84b2-eae3880c1ce7
225,E14000754,Houghton and Sunderland South,436071,550396,-1.4398,54.84708,65815008.4184723,43646.1340523212,f211feda-ae49-47a8-b7a1-d971dfaaacc0
226,E14000755,Hove,526924,107167,-0.19832,50.8501,23943028.1536827,23042.1080347607,43dae84b-df7e-4668-beab-411a59af8de9
227,E14000756,Huddersfield,416063,417801,-1.75842,53.65647,47049133.6543732,42853.8105805502,698fa8d7-75f1-4332-9337-b272c42213a9
228,E14000757,Huntingdon,518908,268395,-0.25759,52.30082,334889333.360085,166316.483799047,66d3261c-bb56-4fe5-b954-073e83741ae4
229,E14000758,Hyndburn,374762,428561,-2.38422,53.75281,90263500.5967865,52481.3664028497,6a539ebc-1733-431f-b15f-9102bb4c6d6c
230,E14000759,Ilford North,544659,190971,0.087245,51.59901,29000861.7738571,29117.9348100681,2a76dbb6-2517-4918-8ffe-3108f25e88c3
231,E14000760,Ilford South,544661,186984,0.085632,51.56318,15666565.8654938,25449.8412248516,af133452-7066-4ea0-aafa-9c83cbd50f17
232,E14000761,Ipswich,617201,244449,1.166723,52.05584,31514934.1799774,40390.1494289999,bb6e923f-08b8-4a91-b0f9-a7829b709884
233,E14000762,Isle of Wight,447183,85949,-1.33366,50.67129,379614785.759007,210106.299410097,df1c3469-8fad-4b73-a181-9c3bdf6f08fb
234,E14000763,Islington North,530598,186352,-0.11736,51.56093,7380405.42776489,14387.8482423356,b45e1efe-243c-416f-a92a-138d3827330e
235,E14000764,Islington South and Finsbury,531411,183491,-0.1067,51.53503,7476245.98877716,14935.2522328897,7b87fcba-aff5-4f5a-bd1a-c6db1ee4ea44
236,E14000765,Jarrow,431903,562665,-1.50335,54.95761,47250876.1491241,49689.0030348159,5b72f505-30a2-48be-8617-07d37b77ca34
237,E14000766,Keighley,405387,444493,-1.91951,53.89659,164438958.83609,81228.4855184887,ff1329ea-9c0a-46be-8c57-e2197fccccea
238,E14000767,Kenilworth and Southam,442375,260518,-1.38082,52.24124,620554436.998055,224282.654700675,e0df1d6a-9cc4-466a-8012-e8e64e576c40
239,E14000768,Kensington,525530,179388,-0.19291,51.4995,8963530.27700806,19496.3953727627,7fb859b4-4248-4cb2-b557-d920426d6b5f
240,E14000769,Kettering,483866,282852,-0.76773,52.43723,233489923.713371,100689.501131667,56be5919-6d66-47f1-bcaa-3ca7151dfdd5
241,E14000770,Kingston and Surbiton,519508,166863,-0.28385,51.38823,28367450.3200073,31106.0204810908,5ce2bb0c-8ece-479a-90d8-4a06e7893fbd
242,E14000771,Kingston upon Hull East,512460,431506,-0.29529,53.76778,28796206.7276611,30663.1414374984,e975b2c2-1039-497b-ac2a-30499f6daeb9
243,E14000772,Kingston upon Hull North,507982,431612,-0.36316,53.76968,24778899.5901642,34426.9252697037,7adeeaeb-9ed3-4eff-b365-8a278254213d
244,E14000773,Kingston upon Hull West and Hessle,507429,428283,-0.3727,53.73989,23717538.502594,32901.0389211368,8788f50c-684f-4a5c-b1fb-c2cacf146ff4
245,E14000774,Kingswood,367363,172198,-2.47102,51.44781,43129426.8144722,47403.8222375425,ebfe47db-72d8-48ec-a749-cbf92cbc6e36
246,E14000775,Knowsley,343147,394435,-2.8574,53.44361,54198095.0030823,47373.8365591298,a6a88cbb-57b0-4510-bfa6-db888c7aaba1
247,E14000776,Lancaster and Fleetwood,353827,456824,-2.70596,54.00537,437863661.516678,265400.065709712,151dab8c-055f-4ecf-9bcd-bc035f54408d
248,E14000777,Leeds Central,431014,431345,-1.53086,53.77753,40955612.680481,34556.8490311979,6dc61c23-8e2b-4a73-a9fd-49660878ef38
249,E14000778,Leeds East,435457,435028,-1.46302,53.81035,33684433.9156036,34351.7964590365,aa7c5795-c379-4bd5-a613-cb3605794505
250,E14000779,Leeds North East,430948,438845,-1.53111,53.84494,39484522.2743683,33995.8115381548,d06a6dec-27b3-44f1-b341-cec27d03b375
251,E14000780,Leeds North West,423969,440852,-1.63702,53.86335,62122713.4886017,60813.0668210487,64e297db-a023-45a8-a10b-423b64d26593
252,E14000781,Leeds West,425371,433988,-1.61627,53.80159,30245587.7272644,36459.58712582,38edb374-0e39-497b-8551-32907b081833
253,E14000782,Leicester East,461961,305445,-1.0857,52.64323,23286480.3834991,24881.9232441543,3158c331-359f-472b-9911-8086404a220e
254,E14000783,Leicester South,458931,302341,-1.13103,52.61567,21184455.4869843,26259.255936864,5cc563a6-335a-4354-b145-0dad85532449
255,E14000784,Leicester West,456222,306111,-1.17039,52.64984,28871138.3199615,28345.1296500473,d6e05955-4d7a-495a-bd1a-9ec888dca688
256,E14000785,Leigh,365379,399156,-2.52323,53.48798,67062217.3972168,53490.3284849243,f49e7b1c-7d42-4e10-aaa2-83bceca456ee
257,E14000786,Lewes,545745,107939,0.069175,50.8526,370813652.589817,218387.832822948,07a829ee-367e-47a4-b81e-5d199cfff842
258,E14000787,Lewisham East,538644,173593,-0.00637,51.44436,14773173.383873,31236.0335069861,44f0dcfe-9cb4-4311-be87-d47fd32fd448
259,E14000788,Lewisham West and Penge,536088,170861,-0.04418,51.42043,15858031.6860733,23673.049683933,1bf4897a-7aee-4bb4-a381-e3c296febbb2
260,E14000789,"Lewisham, Deptford",537339,175928,-0.02423,51.46566,12034277.4436798,23720.4105066892,6ceda048-4bb1-4704-8434-a634e7bef4f3
261,E14000790,Leyton and Wanstead,539833,187830,0.016364,51.572,15311450.0299072,23357.7202582693,24cbfab8-eeb4-493e-88d6-c663a73d4621
262,E14000791,Lichfield,412225,317506,-1.8203,52.75504,329065582.629654,121466.520236939,4c2268a5-d8d5-4df7-88ad-db533b4f728f
263,E14000792,Lincoln,495467,370186,-0.57163,53.22018,63898407.7566986,52117.5642598605,99a03fba-00e7-4840-bdc9-cc5f8306b489
264,E14000793,"Liverpool, Riverside",336390,388230,-2.95786,53.38708,24077352.6520996,32755.2257191837,96653712-56f2-4f98-a129-1f31e4c5223a
265,E14000794,"Liverpool, Walton",336910,394442,-2.95129,53.44297,19765610.7956619,29940.8703458553,61d566bd-8817-46d0-91a4-deaba0085135
266,E14000795,"Liverpool, Wavertree",339023,390195,-2.91866,53.40505,17084990.7927933,25042.6508279544,b3ca3438-ff5e-42ea-8f2d-a434dd4e279b
267,E14000796,"Liverpool, West Derby",339745,393988,-2.90853,53.43922,20619249.6042786,27360.7852354677,114d8f17-bf07-4e53-953d-65cf2ae64780
268,E14000797,Loughborough,453785,319805,-1.20418,52.77318,130570213.914032,79258.2967982954,465ac66e-6123-4455-8db3-4ed6c39344eb
269,E14000798,Louth and Horncastle,535171,382656,0.027963,53.32359,1378197342.93822,310574.372030111,62328d3d-fc41-4496-894c-583acb3dd2dc
270,E14000799,Ludlow,350065,287901,-2.73679,52.48674,1554921169.79285,343721.508064143,456fbae2-9133-43f5-a6ee-c4b7e1181796
271,E14000800,Luton North,507002,224395,-0.44592,51.90783,18785156.8332596,21309.52755172,ad0af799-ae2d-420f-8358-32be3bd1ee2f
272,E14000801,Luton South,508555,220571,-0.42456,51.87316,55788320.4841843,40030.6346917461,8ccfd6d2-62a2-43e7-b5ac-49b8db1d9afb
273,E14000802,Macclesfield,390591,374746,-2.14253,53.26963,301738543.961884,100972.483843754,d8abcf88-ea12-48a3-b9bf-4d2234ef49d2
274,E14000803,Maidenhead,484372,178127,-0.78598,51.4958,183413987.198906,82351.6697178779,d59ba55a-11af-4ff9-8041-934ec40264b6
275,E14000804,Maidstone and The Weald,575796,149220,0.515706,51.21511,223670001.635147,121672.942795973,f56f3003-4544-4780-9df4-dd589f584027
276,E14000805,Makerfield,358209,402916,-2.63179,53.52125,55860652.9820404,54470.0727518408,c7bbda22-059c-4ac8-8c62-946eb5d0010b
277,E14000806,Maldon,588455,201772,0.724714,51.68308,375144705.106369,399252.826791945,fa6a2ce3-feed-4321-9e6e-c2d2f46f44ce
278,E14000807,Manchester Central,386354,398829,-2.20711,53.48601,28464511.4581757,37033.0140678628,a1317cac-a1a5-4d6f-948a-b449ea352f90
279,E14000808,"Manchester, Gorton",386935,395086,-2.1982,53.45238,17280776.6941528,27660.2445587152,92a1d913-c66b-45b7-9d35-820089ea9ed4
280,E14000809,"Manchester, Withington",384007,392132,-2.24214,53.42575,19313541.449295,28138.0092919903,e2ebadf0-1a8d-4600-a808-d105e1a2fc3c
281,E14000810,Mansfield,455047,363637,-1.17804,53.16703,76696898.5853577,51090.8571646568,2a6bcecd-b1d9-44b8-818d-d4f1d2723720
282,E14000811,Meon Valley,462539,119561,-1.11065,50.97207,402170523.649082,136422.751392048,fd656d74-d390-4730-9f53-8f6f298e0000
283,E14000812,Meriden,418290,281451,-1.73241,52.43075,145563661.259453,101353.859338938,ec891fbe-8b20-48a6-b06e-85b4a8a4acb4
284,E14000813,Mid Bedfordshire,504718,239346,-0.47456,52.04264,457505463.86116,158446.660998075,c1251d38-886f-4eb3-8728-a33c72f867e0
285,E14000814,Mid Derbyshire,439737,341743,-1.40973,52.97159,92140130.5360413,88021.1482159637,20a5dff7-9495-495d-bbca-df35e2c19276
286,E14000815,Mid Dorset and North Poole,391551,94607,-2.12112,50.75099,175794831.257845,145777.516180601,1de8cca2-3566-4626-a40a-44d56675c558
287,E14000816,Mid Norfolk,597388,311524,0.917569,52.6655,760347132.92981,171771.248678425,90b3a0ec-688d-4e37-a67e-2cd7973782cf
288,E14000817,Mid Sussex,527731,126921,-0.17994,51.02747,188124425.279644,144847.665300299,ca1f2e76-06d0-4492-bc5d-abda4bf7ccd0
289,E14000818,Mid Worcestershire,393275,253990,-2.09977,52.18412,440932258.554695,222367.383294619,8f4a633a-3e3a-4d19-b837-442b1bb3a70c
290,E14000819,Middlesbrough,450293,518464,-1.22383,54.55893,29137879.0035553,35156.8076165019,618da7ff-4684-4c7e-b4ba-836148b7394d
291,E14000820,Middlesbrough South and East Cleveland,465118,516437,-0.99507,54.53903,197160344.947418,101214.016984863,bd5085e6-15b0-4955-8468-0000bb714361
292,E14000821,Milton Keynes North,486764,246259,-0.7345,52.10787,228791114.972496,80635.2845003036,7b909d6d-d376-48c5-a58a-afa0d9a9ab00
293,E14000822,Milton Keynes South,486551,236093,-0.74019,52.01653,79835674.3724442,61461.8281742609,d87e5ff0-c669-46b9-a959-fe33a04447f5
294,E14000823,Mitcham and Morden,528027,168563,-0.16087,51.40165,16445835.5264587,27558.7636098286,02613fab-0e6e-4047-9b7f-35545d08b7d3
295,E14000824,Mole Valley,514427,147482,-0.36305,51.21508,369461647.449371,138810.281585117,0ca5ac0c-6ca2-49fb-8f27-1199f019e189
296,E14000825,Morecambe and Lunesdale,353442,468965,-2.7137,54.11444,244277374.27803,215534.928888078,f83dcab1-27ad-4fff-a64f-11a70b28a853
297,E14000826,Morley and Outwood,431161,425385,-1.52923,53.72396,68613450.9681549,66492.8311252251,ce18f31a-1a41-4f18-91a3-89c157b2f583
298,E14000827,New Forest East,435182,105109,-1.50165,50.84443,395853631.124527,245510.140051976,b0f62254-22fd-409a-b6c0-e833f2c6443d
299,E14000828,New Forest West,418341,108090,-1.7407,50.87201,356321631.145836,166654.055998039,9ecd6ac6-7063-4772-aee1-f584efe10415
300,E14000829,Newark,475944,357675,-0.86692,53.11088,700307653.243912,224435.016084584,d806f25c-4645-4105-a347-66d34535ccd2
301,E14000830,Newbury,447318,172095,-1.3205,51.44587,596793839.346985,151490.619137826,b429eaba-bfd1-460e-9923-4219053f5745
302,E14000831,Newcastle upon Tyne Central,422342,565906,-1.6524,54.98725,23811551.8433533,21476.21734214,a0258f9c-b85f-46d4-bbeb-15851363b63a
303,E14000832,Newcastle upon Tyne East,427215,565674,-1.57627,54.98493,19085752.0302429,25132.6532788423,9d8afe70-ccba-4bab-b53c-e47eff4ab49c
304,E14000833,Newcastle upon Tyne North,421039,569925,-1.67247,55.02342,70564547.5352173,55081.2675629308,84142299-3b2a-4428-8782-e60be6aeb3c3
305,E14000834,Newcastle-under-Lyme,380356,348791,-2.29439,53.03604,81108379.0930939,53541.2792729027,3cef5f67-80a0-4dac-b360-3f32576aaf26
306,E14000835,Newton Abbot,288933,74357,-3.56936,50.55837,203537389.487501,122783.383065949,e1bc6b6a-b378-40fe-97df-8b37f4752805
307,E14000836,"Normanton, Pontefract and Castleford",447021,422148,-1.28937,53.69368,86395013.253952,69357.7927548682,00b53402-c5da-4296-a576-80b78bb79b10
308,E14000837,North Cornwall,212024,78840,-4.65642,50.57896,1195264655.5287,403064.728619461,c0fc472e-dc9d-4fa2-ba6c-12e074af3c03
309,E14000838,North Devon,265110,132532,-3.92691,51.07621,1085857679.31311,308999.636155052,8fce18e3-cfc2-4ea6-ae22-b92baa508b46
310,E14000839,North Dorset,390177,113279,-2.1411,50.91887,880605644.2682,214429.813832038,9b2dcc2a-a74c-4ec3-96b6-8dc34bbead88
311,E14000840,North Durham,423154,551799,-1.64084,54.86045,104095136.985321,71527.6891782481,92d1e8a2-eea3-44e3-aee5-1ba0baacdb13
312,E14000841,North East Bedfordshire,509132,258803,-0.40399,52.21665,542800900.238907,191727.135043891,de0c395e-11a3-4c0b-a579-bc21a79aed51
313,E14000842,North East Cambridgeshire,537551,293449,0.025924,52.52158,724139281.41774,261184.314009587,433884e0-07e5-4356-ad49-b522c8b738a9
314,E14000843,North East Derbyshire,437369,365923,-1.44219,53.18911,228231198.786377,149635.981071419,034aeb28-cd28-426c-9e78-a6adb31e2ce2
315,E14000844,North East Hampshire,477217,151423,-0.89483,51.25675,401470627.884636,156367.560314106,1ef3a298-6c9e-4dbd-a16d-692386181aae
316,E14000845,North East Hertfordshire,533034,227739,-0.06642,51.93227,502269660.423973,160583.348133065,1f3c978b-9a1e-49d1-863f-d7d76260cee2
317,E14000846,North East Somerset,364116,161999,-2.51671,51.35591,322447689.518982,176456.877359256,00df70a6-20be-4365-9e0e-6dcacb886192
318,E14000847,North Herefordshire,348792,251361,-2.74996,52.15814,1455563187.65134,348075.196937248,babb84bd-eff1-462f-9ee7-71179be78385
319,E14000848,North Norfolk,623466,330857,1.315708,52.8289,731653624.575516,577304.473534103,ba2eae0f-da2b-45d9-982c-5b9b21ef03c8
320,E14000849,North Shropshire,349128,330083,-2.75711,52.86582,935210351.19297,276031.750722263,1334bfa1-0df4-43a7-9417-d3ec0cd1f6b6
321,E14000850,North Somerset,347309,169216,-2.75913,51.41949,228282997.875252,121661.006303893,f51990c2-4a5a-46dc-b009-96a54a4fc052
322,E14000851,North Swindon,417320,190622,-1.75124,51.61416,106324325.87468,65919.0034237886,b07d29f8-9810-44b2-ae5e-98f831528ca0
323,E14000852,North Thanet,625040,165660,1.230061,51.34545,136728843.925293,82453.4948384443,403cd15a-6da2-4d24-9c48-10143970d5f2
324,E14000853,North Tyneside,429482,568918,-1.54051,55.01395,44145299.4245605,52012.9358351011,6918171f-8c11-4d77-b570-a4045d06a6e6
325,E14000854,North Warwickshire,424687,296012,-1.63725,52.5614,266479844.814072,140642.4864067,2534a9cc-31ab-406a-a013-8c4b784dd855
326,E14000855,North West Cambridgeshire,522387,289492,-0.1989,52.48964,745919926.143173,231185.959078733,6b6179a2-3f01-4565-9a63-d0f10abb5261
327,E14000856,North West Durham,404359,544374,-1.93373,54.79424,701031286.324875,195855.38631093,82c7b69b-b25b-4fc8-b36f-80f7b49d6206
328,E14000857,North West Hampshire,446060,151304,-1.34129,51.25904,589479919.87117,159603.363074499,56f729de-1a49-4174-ab9d-c792ddbddbc4
329,E14000858,North West Leicestershire,439111,316252,-1.42209,52.7425,279328072.741287,116453.204047161,259a9024-2c9b-464c-bab2-beddd6d087bb
330,E14000859,North West Norfolk,574445,328869,0.587897,52.82913,788091554.282211,565477.616744766,50676064-47c0-4aa6-9d2f-ffbfa812e74d
331,E14000860,North Wiltshire,396155,182656,-2.05683,51.54278,714246024.419376,207807.119025017,2a937e80-7f32-4a2a-b643-fd79da546574
332,E14000861,Northampton North,477324,263094,-0.86848,52.2606,22366554.5716934,26072.2172047163,0ca8ac5e-bc16-4bf8-b6e7-d69257b152d8
333,E14000862,Northampton South,480096,261363,-0.82829,52.24464,32952217.0211639,40152.632383557,f1762445-5d4b-4061-9e0e-d3003febbc42
334,E14000863,Norwich North,623504,311332,1.302986,52.65365,36079864.6836395,38807.1414827121,6c0a8811-2309-464f-b51a-7d9c6cbc6319
335,E14000864,Norwich South,621220,308012,1.267054,52.62479,28790967.7907104,44031.4409515156,07d92fca-dc2a-4fec-ab98-ae81c7856762
336,E14000865,Nottingham East,458309,341526,-1.13325,52.96795,18705991.7469177,23695.7168481409,4668b89d-5750-4e2b-bb24-bda08785845d
337,E14000866,Nottingham North,454115,344384,-1.19521,52.99407,23341471.476181,35915.2854568877,a719b372-c93f-44cd-9025-860210e331f0
338,E14000867,Nottingham South,454681,339273,-1.18764,52.94808,32566097.2591705,38871.65978161,d1215dac-0807-4204-abc6-98a49f140465
339,E14000868,Nuneaton,431696,292172,-1.53423,52.52652,83023088.8403091,58798.0851179007,fc4fbf64-a54e-453e-9f18-8ae356c714cf
340,E14000869,Old Bexley and Sidcup,548002,173628,0.128198,51.44231,24546373.8943176,29249.6868990565,c649be6c-f42a-41db-86c4-b5677faaba28
341,E14000870,Oldham East and Saddleworth,398906,408181,-2.01799,53.57025,104409804.1091,58303.2040148831,c811b4cb-06a6-4053-ac70-1334900d9c2e
342,E14000871,Oldham West and Royton,390878,405957,-2.13914,53.55018,30838482.0046539,33523.4207935509,cbf76a7f-79a6-443d-92d3-8d345c3383b1
343,E14000872,Orpington,544861,162534,0.078513,51.34343,78724894.9736786,58763.4250871713,a67c1e0c-8e8f-4eb0-8304-0aa73c930bff
344,E14000873,Oxford East,453747,205162,-1.22294,51.74259,30604533.0408554,30539.6036235282,6330ce0e-9b9a-4075-bc91-f362ef713335
345,E14000874,Oxford West and Abingdon,447995,207687,-1.3059,51.76581,128738065.922821,86207.3400890021,8894514d-c3fa-48bf-a572-20ce646c65f3
346,E14000875,Pendle,387637,443368,-2.18957,53.88636,169380092.197586,79243.8077162667,afb6885f-784e-4569-bd67-1bc5020b4208
347,E14000876,Penistone and Stocksbridge,423088,401791,-1.65331,53.51231,293827135.005295,107839.357347656,d20f16cf-dce8-4319-b7a5-0f62ebc45e9b
348,E14000877,Penrith and The Border,356508,545631,-2.67811,54.80366,3119393538.50761,512346.986424596,ffc1f4aa-0cda-4463-ae96-869934cb409d
349,E14000878,Peterborough,524756,303751,-0.15867,52.61722,175024130.819565,65835.8656447821,a22b4716-e910-4307-8643-407edeb2cbea
350,E14000879,"Plymouth, Moor View",248146,59475,-4.13876,50.41544,32625084.1418333,36318.6966480084,559b8cb9-295a-4900-89b8-2966a5094a84
351,E14000880,"Plymouth, Sutton and Devonport",247632,55528,-4.14439,50.37984,21135933.5808258,42401.1307300923,19b4c1b5-556f-4721-8994-bd676c6e05a9
352,E14000881,Poole,403952,91151,-1.94537,50.71996,31204312.5985909,77823.4727661579,b25825d9-7efc-49ab-8b7d-2de9496fb59b
353,E14000882,Poplar and Limehouse,537803,180645,-0.01572,51.50794,10602677.6243668,24824.2937123839,d8d7cab2-4223-4aaa-9841-5bb447565461
354,E14000883,Portsmouth North,466078,105236,-1.06285,50.84287,26953565.7597351,48789.1125222083,ea3b4ea6-3d1e-45ad-873e-1512905eb039
355,E14000884,Portsmouth South,465418,99876,-1.07317,50.79475,13437646.2495308,26510.7172996262,be3d21a9-9871-4b8f-8afa-06aa825c79d3
356,E14000885,Preston,354516,430863,-2.69158,53.77212,26482559.9549408,41227.7444677655,c0a0741d-9a3b-4b63-a6db-ca86cd1aa543
357,E14000886,Pudsey,422501,438013,-1.65955,53.8379,54988535.101059,66422.8000492037,16b74c2c-3ca1-4dbd-8b58-3e81059c8ca0
358,E14000887,Putney,523535,174102,-0.22348,51.45243,12748024.6059418,19034.8721777704,e3ba90c3-e46a-44d1-a456-659a32c726ba
359,E14000888,Rayleigh and Wickford,584217,192876,0.6588,51.60459,110044606.452507,150050.618192778,02ae89a8-6a96-4378-9cb4-22a3f46e76e9
360,E14000889,Reading East,473252,173539,-0.94709,51.4561,27564223.8952255,43947.4110994637,ca303570-0906-4c57-8af7-242b00cd08b5
361,E14000890,Reading West,467724,172897,-1.02676,51.45101,50850142.9307785,45673.7357008466,c03b4ce2-7276-486b-b0d0-18de3d0226b1
362,E14000891,Redcar,458876,521568,-1.09051,54.5859,72652849.2371674,64053.9049147479,c8cc2401-b07f-404e-806b-046783079afc
363,E14000892,Redditch,401238,258510,-1.98328,52.2248,148642713.673218,90332.3421894744,926c5073-e105-47d0-9d4b-397651354616
364,E14000893,Reigate,525733,152598,-0.19946,51.25868,111828888.637665,75590.0728416025,d20836c8-e1c2-412c-8a34-02e64836b1d8
365,E14000894,Ribble Valley,369879,446287,-2.46002,53.91186,632629720.919098,184019.113542104,471c45e1-646c-4873-a5d5-defe44e1aa71
366,E14000895,Richmond (Yorks),412781,495786,-1.80484,54.35745,2077783681.30534,369132.02139702,59f89b44-a24d-4ad5-b663-991048366ec8
367,E14000896,Richmond Park,519834,173048,-0.27708,51.44375,37131818.0916901,38325.792912519,bb3e00b4-a88d-45dd-b1b3-97433e6347f8
368,E14000897,Rochdale,392416,415285,-2.11616,53.63404,85555805.8226318,56686.2093174206,c731ce36-0faa-4132-8f7a-9317c493c745
369,E14000898,Rochester and Strood,578207,175198,0.563174,51.44772,148916577.410271,215925.700632364,15691dfb-cbea-4730-8cbc-80f028faf283
370,E14000899,Rochford and Southend East,591942,188296,0.767716,51.56087,93151739.4820023,127176.636633827,eb0a6b56-0705-4305-963e-3c4de1c16125
371,E14000900,Romford,551408,190670,0.184484,51.59453,29397033.8926163,32396.8071565709,ca19f48d-a7e5-4e1a-8632-a82e02c5b6a2
372,E14000901,Romsey and Southampton North,436034,128163,-1.48728,51.05168,420385336.512943,161491.003557032,f18104fe-395c-4d6a-9e17-1a81575175f1
373,E14000902,Rossendale and Darwen,372446,420955,-2.41866,53.68433,217452759.910904,121729.357172694,156b1ebc-5027-4cb9-8d3c-d71602708d1c
374,E14000903,Rother Valley,449699,386114,-1.25453,53.36958,166752771.20311,72539.8352864554,2c98234e-37aa-4e7f-9f69-1931721d24ea
375,E14000904,Rotherham,442371,392231,-1.36383,53.42519,45094179.8950195,52054.0580109879,b85e7b6b-631e-4c3c-8a48-5b25e88600ef
376,E14000905,Rugby,446258,281329,-1.3211,52.42801,246573636.608139,87986.344818383,8dcd2668-27d8-428c-82ed-838f17ebc015
377,E14000906,"Ruislip, Northwood and Pinner",508439,189155,-0.43602,51.59082,49510453.2740173,41675.3976219513,be2fb7f9-7c05-49c8-a694-e99574032bbf
378,E14000907,Runnymede and Weybridge,503012,166624,-0.52091,51.38931,93827406.2456589,55580.6738705272,ccc5688e-9161-433a-8dae-0124f4c3ee38
379,E14000908,Rushcliffe,462332,332669,-1.07505,52.88789,309312970.06633,112958.877269799,5af57079-b0ef-40ec-829a-f96ace8feddc
380,E14000909,Rutland and Melton,484648,311819,-0.74885,52.69746,1117675486.62149,233547.864199819,b78647c6-0374-44a7-a8d8-8b0373747ba5
381,E14000910,Saffron Walden,559857,226819,0.322967,51.91696,795427733.905182,189008.673597526,999b1837-fb7e-416c-b006-7ca1fa614b8a
382,E14000911,Salford and Eccles,379701,400390,-2.30747,53.49982,31740823.4519653,33647.3780885767,90f42464-8a1b-4e27-9833-c284ed66ff22
383,E14000912,Salisbury,412884,132088,-1.81741,51.08795,612603158.259014,174205.226527747,c80024bb-4a9d-46aa-a8e5-56f8d3b78280
384,E14000913,Scarborough and Whitby,485778,506116,-0.67883,54.44323,738252206.075333,216068.669590497,bf7761f4-d6e1-408e-b0f9-9c8cf0bcf51c
385,E14000914,Scunthorpe,494110,405551,-0.58143,53.5382,182417752.600403,84692.352674771,c1a1fd36-8d8c-43bf-ba4d-818ced533251
386,E14000915,Sedgefield,431052,526108,-1.52053,54.62916,366846205.946136,181641.108192168,526e8980-b361-4b07-96a9-31e155009b87
387,E14000916,Sefton Central,331662,404014,-3.03237,53.52833,84076867.8875656,75033.8675403126,546cceea-98f1-4e25-aa98-08ffafbfdd40
388,E14000917,Selby and Ainsty,449167,442159,-1.2537,53.87333,844861157.768143,356414.972289257,67bb8d4c-c953-41f9-9199-54e40d82d85c
389,E14000918,Sevenoaks,552010,159916,0.179962,51.31804,249612180.199852,98322.5453922638,87c07e57-c5c3-4d2f-9b10-e18498919af9
390,E14000919,Sheffield Central,435726,386662,-1.46445,53.37563,20162488.1717987,32028.7458434629,53c5cca5-2ce8-480c-8921-209e315dd3c0
391,E14000920,Sheffield South East,440551,388350,-1.39172,53.39045,44335983.2709656,49029.9500952615,936910d8-5c42-42da-a485-2ff630eff7f1
392,E14000921,"Sheffield, Brightside and Hillsborough",435434,390928,-1.46837,53.41399,27378981.5109253,28460.4767327768,6ba3af41-cfe7-477c-8e55-3a1007d4adee
393,E14000922,"Sheffield, Hallam",426415,388888,-1.60422,53.39618,135283943.061813,77637.8341232162,ead8e324-151d-47ba-b21e-f05a0106af4c
394,E14000923,"Sheffield, Heeley",436622,384071,-1.45128,53.35228,25237953.7518005,29107.33175116,c142032a-5191-4864-adaf-aa08a335a89e
395,E14000924,Sherwood,460406,358481,-1.09886,53.12011,307233153.723663,123875.067036295,b9b4e264-d127-4170-8706-87e328eabf1a
396,E14000925,Shipley,412611,439633,-1.80977,53.85279,95020665.3426514,81849.828800532,21653068-0b7a-400c-b93e-03b6ab188eed
397,E14000926,Shrewsbury and Atcham,346360,307551,-2.79453,52.66302,601644757.235336,163684.882482065,1f23fa84-5e59-4c86-b82a-3b1d1addec8d
398,E14000927,Sittingbourne and Sheppey,586981,164704,0.683769,51.35064,238292528.186134,294362.522072285,809088ee-9cd5-4dd2-81fd-b04cd335b001
399,E14000928,Skipton and Ripon,398261,462236,-2.02806,54.05608,2094237694.9734,342920.886796985,b98d7d6c-5496-43ac-8d33-00b90bdd363f
400,E14000929,Sleaford and North Hykeham,503640,352930,-0.45484,53.06359,1122371432.93774,208575.713920011,bdb7a4a9-f09c-4982-8aca-23df7be4fe77
401,E14000930,Slough,496543,180461,-0.61008,51.51483,26916464.3765717,33932.9547152329,cc8d9fa7-e8bc-4f7d-976d-9a2920b6e962
402,E14000931,Solihull,413056,280069,-1.80944,52.41847,32718454.6414108,30944.6581782047,a0bc5190-9b56-4ac3-ab04-58e5cdee3181
403,E14000932,Somerton and Frome,364633,137241,-2.50683,51.13333,950818732.491081,255161.491219368,2cf9f4a4-d0a8-42ff-8613-0fde62c5a6e0
404,E14000933,South Basildon and East Thurrock,568409,183316,0.426184,51.52365,131742580.550247,139666.305384539,4c46045e-1ac6-4e83-af62-da16816e05ce
405,E14000934,South Cambridgeshire,537837,254678,0.014247,52.17316,629165849.586945,206021.623990332,ea6e5888-951a-4d6d-ac1e-baa5d6eb0203
406,E14000935,South Derbyshire,431443,325363,-1.5348,52.8249,338126970.269043,166693.264624267,ca15a253-7480-469c-8422-8abcb54cffde
407,E14000936,South Dorset,385853,85482,-2.20154,50.66882,370991988.13538,301748.407846685,2573e57b-69f4-477f-ad26-c652640de7db
408,E14000937,South East Cambridgeshire,553959,267334,0.255572,52.2826,750573971.870071,237125.099977134,50e1d106-71dd-442c-97f1-ceb031af5a26
409,E14000938,South East Cornwall,226461,62950,-4.44533,50.44066,719267917.082086,388440.107326448,0b506398-effc-4126-9c9f-b7ad19e4c6ba
410,E14000939,South Holland and The Deepings,532910,322822,-0.03061,52.78663,779677382.488037,214579.659407529,9cebdffd-3cc4-4844-9afc-b047d66c89f2
411,E14000940,South Leicestershire,454415,290699,-1.19962,52.51149,284515053.517632,105094.703432667,09d44f31-de5a-41ff-824b-9496a35f625b
412,E14000941,South Norfolk,629989,295823,1.387927,52.51176,791143193.210876,252399.792114236,dfe89671-6eb9-4bfb-a9aa-000466f22f07
413,E14000942,South Northamptonshire,463454,246589,-1.07475,52.114,610332010.611656,230974.534602837,851a70c6-9f66-4c9e-bf68-082b631a4948
414,E14000943,South Ribble,350223,421354,-2.75518,53.68627,196823945.828339,261730.025603147,5688d5bb-4206-4de5-8b2f-c2c90bea03c6
415,E14000944,South Shields,437206,564560,-1.4203,54.97427,24609198.0098724,39846.6119011042,533aac1f-e43e-4046-bdcd-778bd5df4a9e
416,E14000945,South Staffordshire,389625,306836,-2.15481,52.65916,273761945.863945,152768.640794216,b3093309-040a-4994-9614-aaa49c30d611
417,E14000946,South Suffolk,599984,244716,0.916119,52.06471,652547295.702133,238399.165902302,0f14c55a-23ea-4149-9f6f-0aa93b196b56
418,E14000947,South Swindon,419067,181604,-1.7265,51.53302,123769048.867516,71711.2478357422,7f5d9013-8d0c-4e52-95a5-98f4b5311bb6
419,E14000948,South Thanet,628498,158406,1.274986,51.27895,128099084.948013,140552.316047242,abdd79fb-4c06-455f-9c76-53074b532d7e
420,E14000949,South West Bedfordshire,498229,221850,-0.57413,51.88657,126607020.688911,70465.9927983526,7a234ee2-2b98-46ba-bea5-063bb8e231d1
421,E14000950,South West Devon,258137,56607,-3.99715,50.39216,370589769.273121,211836.661763165,aa44294c-25c5-46b4-8484-861a86965af1
422,E14000951,South West Hertfordshire,499430,208327,-0.56057,51.76481,173843779.669571,119293.238491728,790c6df4-c8c7-4b4e-9650-778df8851552
423,E14000952,South West Norfolk,575310,297872,0.584232,52.55047,1310750129.43062,330530.465412289,850e0196-f7ff-4990-8a22-3ea87c531efb
424,E14000953,South West Surrey,492268,140635,-0.68197,51.15753,256307289.865555,104220.591756855,2448e4f4-6b0a-466e-9bd6-a83c688bdd91
425,E14000954,South West Wiltshire,391047,139812,-2.12939,51.15748,737444048.597336,174405.969485723,d827dcee-1df7-4d50-8467-bf69014d71d3
426,E14000955,"Southampton, Itchen",445456,112145,-1.35486,50.90698,20348949.4126434,37227.2423664302,d46ac86d-984e-4884-9af5-ec57ae3affce
427,E14000956,"Southampton, Test",440306,114131,-1.42789,50.92522,22024495.1100349,32927.7777978154,9ee775f9-747d-4dad-9cdb-adeb88a927ce
428,E14000957,Southend West,585152,187496,0.669453,51.55596,19589877.3023529,40439.295591917,8e5323b7-314a-4f21-bdcc-5689d5fe9371
429,E14000958,Southport,333107,415938,-3.01314,53.63568,46657795.0355148,65064.5432952594,f03e2dbe-7241-41b9-97e9-f1d1bc89a41d
430,E14000959,Spelthorne,507012,169622,-0.46254,51.41552,51161362.5420761,44134.5375970818,5bd270f2-4d21-45dd-a9ba-b36575f95753
431,E14000960,St Albans,514325,205423,-0.34578,51.73587,67230269.5948486,63654.5171848811,2f825eae-3e5e-4215-97bd-ccf0cbc3ff5a
432,E14000961,St Austell and Newquay,195453,57855,-4.8787,50.38491,396654234.285501,217896.231285793,4cf5ae59-4b50-40c8-ba9b-27890e29a8de
433,E14000962,St Helens North,351263,398699,-2.73589,53.48275,83805870.9714355,62658.1796184765,1a2e28f0-b056-428e-a3c1-2f0ba2db4d96
434,E14000963,St Helens South and Whiston,351222,392412,-2.73553,53.42624,64135179.5243378,53755.5826581747,e035a830-0ae0-49a6-9ebd-4aedb9d0a79e
435,E14000964,St Ives,141320,26415,-5.61729,50.08141,530238113.942304,398894.57684184,465dcf70-05f3-49e9-8f30-f5d977845f96
436,E14000965,Stafford,391013,320185,-2.13466,52.77918,291008380.446465,138773.03809031,df06f878-25df-42da-ac75-4ee378989d7f
437,E14000966,Staffordshire Moorlands,400043,355243,-2.0008,53.09441,513474773.383224,160592.081540551,c952120a-3b16-4e24-aeda-8cbed79cab7d
438,E14000967,Stalybridge and Hyde,398011,398062,-2.03143,53.47929,63229345.0558777,44327.2913183909,8764204f-dcfb-4157-8613-8c9ef3e2c595
439,E14000968,Stevenage,524285,223238,-0.19523,51.89385,63406759.6189728,63406.640396852,fb597b82-b5ca-4cde-aed0-dd093157fb66
440,E14000969,Stockport,388819,390460,-2.16966,53.41084,21914412.6216736,36641.6790210236,09d17f7d-06cd-46db-8e14-47f29e01103b
441,E14000970,Stockton North,444940,523121,-1.30589,54.60128,120624823.762131,105023.057964143,5dc0b9d7-0455-46a8-a9c3-84c603a9f9e8
442,E14000971,Stockton South,443143,513821,-1.33506,54.51786,84308130.0189209,71174.6889750306,281c847e-1043-4b75-87ce-60a65ff59d84
443,E14000972,Stoke-on-Trent Central,389141,347318,-2.16333,53.02306,30272297.5501556,43183.5683705955,32f56df7-1d33-4ae5-ab60-8a74571d4213
444,E14000973,Stoke-on-Trent North,387700,351970,-2.185,53.06484,42191847.6471329,41671.9519419985,5f350070-0fea-4b57-8ce3-309cf63e58d3
445,E14000974,Stoke-on-Trent South,390276,342227,-2.14626,52.97731,32849466.8257904,38848.046150568,616beace-2882-4f8b-8f51-bd74831367b9
446,E14000975,Stone,388489,330561,-2.17245,52.87241,621083019.534233,248414.687664912,06e53e5b-5c46-44e7-853c-44ef90a9e3d4
447,E14000976,Stourbridge,391209,284285,-2.13079,52.45645,27406838.4028778,29217.0424096719,10def504-b0b6-43ee-9854-662b9578a840
448,E14000977,Stratford-on-Avon,419834,253616,-1.71133,52.18045,670714672.619926,208274.527406139,118cb3e8-cda4-4209-8023-cf67fd60ed14
449,E14000978,Streatham,530188,172431,-0.1284,51.43592,10445525.9257126,18955.5274792444,88809bcc-c041-4b2d-97f2-3e54cad7c6e8
450,E14000979,Stretford and Urmston,376790,394312,-2.3509,53.44507,46806245.0727692,39259.1403976612,1ec10a77-c865-47f8-a825-d85e920613ed
451,E14000980,Stroud,382171,205282,-2.25963,51.74595,385323131.363434,156369.981643644,f470a2d2-d3de-4d59-b4e3-93674c9bbeb9
452,E14000981,Suffolk Coastal,635941,249529,1.443063,52.09378,753146939.058716,522858.532971383,7ccd81f6-cfef-4d96-9896-67c6ea6b5282
453,E14000982,Sunderland Central,438940,556531,-1.39429,54.902,29021991.939743,51375.5248126525,8d7917c1-ad87-4a5e-8bcb-6eca6ec8ba79
454,E14000983,Surrey Heath,493294,162147,-0.6617,51.35075,108123842.928253,72766.6443114972,d48a9bf4-e16a-40b5-974d-ad74aea257ad
455,E14000984,Sutton and Cheam,524746,164092,-0.20958,51.3622,18349226.3568573,26042.1976534672,4f0849ee-6e75-42f4-999f-bd3fc2b3be8c
456,E14000985,Sutton Coldfield,412968,296625,-1.8101,52.56731,57636691.2092972,42738.8180552872,7dd1ca84-0d32-4bc4-9de4-c47981b5e541
457,E14000986,Tamworth,416920,302985,-1.75147,52.62438,179690219.55513,95640.6188604234,0b702659-3862-4222-ab0b-85ef7c2f6577
458,E14000987,Tatton,372677,375936,-2.41123,53.2797,330482746.653397,137475.890459179,00414e8f-d5ca-4f5a-a47c-493b854c53f8
459,E14000988,Taunton Deane,318327,123470,-3.16542,51.00479,462366989.824879,174002.417220379,b59ec548-6f6a-4bde-9a52-4deb8db85e56
460,E14000989,Telford,369255,307882,-2.45606,52.66778,50525309.2782974,40205.6549336249,f73741e1-2828-4367-8f1d-d3796fc27a6e
461,E14000990,Tewkesbury,395051,226279,-2.07338,51.935,368792925.466713,171751.075833877,d8b45e88-c02e-440d-883a-0db383b7899a
462,E14000991,The Cotswolds,407586,216304,-1.89127,51.84529,1239743259.02985,359636.360681582,b19b8f81-17ba-4ab6-b669-6e78bad12a4a
463,E14000992,The Wrekin,369695,319172,-2.4506,52.7693,345287338.81662,158695.42430544,a33f58b5-2eaa-4ae3-a7ef-cf6dd4a3ce15
464,E14000993,Thirsk and Malton,465689,478532,-0.9946,54.19836,2136681726.49791,346062.767617615,ac6dabe7-41a6-4173-b439-871ac1c5293f
465,E14000994,Thornbury and Yate,369237,185199,-2.4452,51.56482,373195859.517414,142267.013701679,e3605b67-17f2-4eb0-9e63-f05836417b09
466,E14000995,Thurrock,559441,180028,0.29554,51.49671,68025637.6427231,58324.138202922,04ca1f47-5ea1-4678-b84f-35cfd5756122
467,E14000996,Tiverton and Honiton,312313,107481,-3.24726,50.86015,903418969.640478,216785.4165387,4c2c2785-5ccf-477e-8558-ac8386ba4b24
468,E14000997,Tonbridge and Malling,561918,151566,0.318238,51.24029,300656145.489143,132952.005208526,9e85a703-2459-48b8-a5c2-3c4845c7dcbf
469,E14000998,Tooting,527687,172670,-0.16428,51.43864,11231791.5766449,17757.0793785159,b1f02083-18d3-4f99-9e8a-adcf3f99f339
470,E14000999,Torbay,290904,64048,-3.53853,50.46606,35762197.4678764,48948.5630047698,fb4d2865-dc47-4c26-85ac-a8012c16d9d6
471,E14001000,Torridge and West Devon,244314,100532,-4.20988,50.78339,1702814349.90159,451547.815570098,60da9b7f-00fd-4967-92d1-573a02f9b833
472,E14001001,Totnes,279926,51148,-3.68902,50.34795,569133496.839729,337027.348356823,d16ddf00-55b3-4402-aba0-4ed29057ab74
473,E14001002,Tottenham,532898,189292,-0.08309,51.58682,13148645.3511581,18294.1587033468,67976556-dabb-4554-bfcb-d2162e67a351
474,E14001003,Truro and Falmouth,182698,51259,-5.05405,50.3211,444572667.427482,315467.816114133,e45d98de-8132-4678-a745-cdb2544a67bd
475,E14001004,Tunbridge Wells,566713,140725,0.38184,51.14151,248069434.612541,135562.353587537,92a873b5-095e-4f44-9197-4dda60fecee5
476,E14001005,Twickenham,514895,171607,-0.34858,51.43182,29155380.8106766,35186.859625114,eb67572f-f8bf-4fad-8577-d5e0709aed95
477,E14001006,Tynemouth,433254,571150,-1.48127,55.03377,38168435.2642517,37411.1989703075,3411b5a2-b8d5-4bae-b51d-37f79170dc2a
478,E14001007,Uxbridge and South Ruislip,508041,183856,-0.44339,51.54327,30056638.7484818,32929.2891059695,4c202132-d240-4029-a7cf-7c3088290b70
479,E14001008,Vauxhall,530310,176644,-0.1251,51.47376,8578677.25020599,17762.5717923143,fabd43a6-ef39-42dd-9063-c0e50d8968d7
480,E14001009,Wakefield,430382,416329,-1.54192,53.64261,77846888.2902527,64263.4783465106,97fe6fc2-cb99-42fa-b22e-663b9a889073
481,E14001010,Wallasey,326798,391347,-3.10278,53.41384,23285843.726593,28913.5214137118,8b0ec3b1-5310-457d-a20b-8508a3fef195
482,E14001011,Walsall North,399391,300845,-2.01042,52.6054,26913119.9553986,31768.6288671469,cb78f902-9b19-467c-bbc9-a8b0d5acfd2a
483,E14001012,Walsall South,401479,297306,-1.9796,52.57358,33043870.4126663,38797.8360508854,45da5719-ec40-45d2-9ba3-efc59c17f806
484,E14001013,Walthamstow,537216,189197,-0.02084,51.58493,16183594.5774307,19976.9379752881,f642e917-5b29-46ec-a08d-8caa8c5facad
485,E14001014,Wansbeck,423326,585770,-1.6354,55.1657,136796957.166794,84595.7540926726,f85663bb-e769-4981-a8ee-9a6963c2f56c
486,E14001015,Wantage,442287,190881,-1.39064,51.61517,584460168.47245,164355.929776008,d2cc55bb-a849-4e06-bf72-2932b2344250
487,E14001016,Warley,400825,287646,-1.98927,52.48674,19359320.7057266,24769.0628034547,0d1da879-db64-40cc-af95-b1dac5bb8597
488,E14001017,Warrington North,362731,392971,-2.5624,53.43221,91416700.6356964,59918.8444578706,b866f200-88f5-4ca3-9f0a-61f696466960
489,E14001018,Warrington South,362664,384845,-2.56245,53.35917,89211283.1909866,94927.1843147905,207f3064-4e05-414c-a6fb-f9ef6b112093
490,E14001019,Warwick and Leamington,427748,263012,-1.59482,52.26459,90174772.5730057,62873.5265559589,6aeb055e-2496-4b7d-b03e-cfbcf281761f
491,E14001020,Washington and Sunderland West,431484,556783,-1.51053,54.90478,42604171.0915833,48870.6794999098,1d7d69f9-0bf0-4ee3-b1ef-2c48bfbc06e4
492,E14001021,Watford,509752,198347,-0.4142,51.67318,36975157.9190292,39509.5363227609,89864e06-44c7-42fe-aa2d-5565e8352bc4
493,E14001022,Waveney,643576,289401,1.583055,52.44825,247569245.165039,165017.794730313,95bd4475-64ac-430f-accf-0e2670f930ab
494,E14001023,Wealden,552834,124884,0.176907,51.00304,571024225.778893,221837.218709061,6d1f2c4d-0c27-4d3d-a3d2-8290b88a8536
495,E14001024,Weaver Vale,357932,378463,-2.63269,53.30145,166168841.121666,109010.903457047,f3c16e54-8425-47a7-ac15-3a575fbf294d
496,E14001025,Wellingborough,491876,265617,-0.65465,52.28104,165480900.525024,92789.4777125912,acee4976-aca9-4b42-a51e-da6a997cba92
497,E14001026,Wells,349693,146256,-2.72161,51.21327,556001539.302364,167409.50875307,7cd4a8e4-65c2-4e94-9938-f1159c9c9162
498,E14001027,Welwyn Hatfield,525345,208467,-0.18518,51.76087,114113029.889977,78616.482110657,e66b120e-e8fc-46ef-896e-5bdc8b23ffa2
499,E14001028,Wentworth and Dearne,442975,399603,-1.35374,53.4914,90294951.1679993,82314.1079433935,d0aa2489-8511-4ee0-bbd8-d9f0b2dc4256
500,E14001029,West Bromwich East,402098,293072,-1.97049,52.53552,27827880.8495483,31290.844251938,3d2d5c40-c89b-4eb1-81b6-ce262c5b336b
501,E14001030,West Bromwich West,397511,292210,-2.03811,52.52777,27492024.4603424,35537.3645475079,31fb6a5f-26b6-4b93-8f5d-59f97910ab9f
502,E14001031,West Dorset,357765,99662,-2.60061,50.79496,1033000193.18879,279922.71172354,e4672f9f-9070-40b5-bea4-e73784a91d56
503,E14001032,West Ham,539774,183150,0.013655,51.52996,17343873.4246902,26498.3137658986,c435f184-0826-4be9-a7f3-865437186995
504,E14001033,West Lancashire,342047,408082,-2.87649,53.56614,262351271.914352,100961.854466635,5ffa7320-5bc7-4847-8aab-c53e107bbc27
505,E14001034,West Suffolk,580944,275380,0.655057,52.34665,818298844.633804,303285.833998402,a3ac3fab-9bfd-42d9-aa85-83682d2b86fa
506,E14001035,West Worcestershire,380454,250018,-2.28706,52.14811,705288895.267418,297862.814206847,aca3bfb5-2e10-43bf-bb35-d431b17a9175
507,E14001036,Westminster North,525949,182218,-0.18587,51.52484,7983251.88059998,17797.7431038872,37fecc97-658a-41b7-946b-6295791dc14f
508,E14001037,Westmorland and Lonsdale,352859,492552,-2.72633,54.32636,1351498244.77985,324767.154413933,23940dbc-a30f-4fb2-8468-d8b4c4448578
509,E14001038,Weston-Super-Mare,338993,160991,-2.8773,51.34471,146322313.118675,95676.3541792528,a1b064e4-b12e-4f97-827d-605ba99b5c1b
510,E14001039,Wigan,357776,408202,-2.63903,53.56873,60509028.2610474,41901.3382021816,98f28269-7595-4ece-957f-98fa53d4d019
511,E14001040,Wimbledon,524128,170000,-0.21639,51.41543,21178904.4097595,21819.7165051883,2adb5668-920d-4a5d-9020-52d738957fe1
512,E14001041,Winchester,451629,135559,-1.26375,51.11699,324909030.177853,124599.227753334,61cefa7b-581b-44c0-b610-350a7e3cc7bf
513,E14001042,Windsor,490470,171462,-0.69987,51.43494,148298703.697502,92368.1058431426,1f4c8d0a-aaad-43a9-8bed-09566c8e12fa
514,E14001043,Wirral South,330457,382141,-3.04571,53.3316,64374571.9328995,113350.956869343,dd8e95f8-7fd2-421a-918c-3230bb01d227
515,E14001044,Wirral West,324734,386748,-3.13272,53.37222,48140475.0242538,38906.7982989153,edf6e48c-1fdc-42fc-b28f-0f63e25415e6
516,E14001045,Witham,586792,214917,0.707738,51.80169,372174954.978111,289290.709621383,de9f276d-067a-4cc9-8f5f-184e5c43ad99
517,E14001046,Witney,434343,215816,-1.50292,51.8399,714422027.138489,160247.897555111,5cfcb01e-bd2f-4e35-b017-dc527e03f4a2
518,E14001047,Woking,496149,155762,-0.62244,51.29288,98993934.1087189,75458.4961881076,db31ccf9-5224-426a-bd9d-7e4747399c0d
519,E14001048,Wokingham,470404,168144,-0.98914,51.40796,156102223.484055,87807.2930322648,3e369d3f-945a-4d84-88ab-e1a68efc4f40
520,E14001049,Wolverhampton North East,393362,301509,-2.09945,52.61133,24759069.1467361,29092.5490515201,fe99c2f7-3cd2-46ee-9330-c14101cd9934
521,E14001050,Wolverhampton South East,393533,296490,-2.09683,52.56621,24755907.8910217,27645.4572151162,63e90a01-6215-4a35-a2f5-e07690397633
522,E14001051,Wolverhampton South West,389010,298671,-2.16363,52.58574,23140719.9279099,28879.5342331493,05a588c2-c35e-4450-9499-5f8198445ca1
523,E14001052,Worcester,385725,255196,-2.21025,52.19482,33278124.9592361,31263.0662267813,f541f840-1055-436c-a90c-019f25374ae5
524,E14001053,Workington,317337,543164,-3.28663,54.77656,676202257.114807,323129.989002734,67d8592e-e523-484f-bc5b-c4b69802040d
525,E14001054,Worsley and Eccles South,372907,399589,-2.40982,53.49232,59657144.4015045,50243.9545238261,8635436b-9462-4634-975a-df415d03860a
526,E14001055,Worthing West,511068,104627,-0.42423,50.83052,30455607.575016,38503.5754637503,d98a9abe-b330-495a-8c47-2830a2e4ec37
527,E14001056,Wycombe,479280,190191,-0.8566,51.60498,139942600.088058,82829.0662102645,f7e9106a-1677-4050-ae4a-b58c937e1e19
528,E14001057,Wyre and Preston North,351597,440598,-2.7374,53.85935,266221887.761307,172336.458821079,ced6837a-4c40-491d-abe9-7d25f5689cf2
529,E14001058,Wyre Forest,384106,276388,-2.23494,52.3853,195403719.201675,100867.383930268,426c9e0c-c214-443f-8924-94a3b2b7d702
530,E14001059,Wythenshawe and Sale East,380730,389917,-2.29132,53.40573,36544676.968811,40867.8854698557,3cb53e5e-1b59-4a5e-b84c-f9df66b0f274
531,E14001060,Yeovil,340522,114840,-2.84771,50.92992,401007778.057995,152711.900461611,4f569cf8-946d-4af1-92bd-f96d72614d67
532,E14001061,York Central,459887,451276,-1.0889,53.95413,23483527.9092407,35338.6377830725,d47632ad-1868-4f69-a882-da7e7f2b7185
533,E14001062,York Outer,461058,457909,-1.06973,54.0136,248453455.833862,137296.231705149,af700ebf-7a0d-4bca-ac7d-6e4ae0dc7509
534,N06000001,Belfast East,152079,529068,-5.83807,54.59523,55310700.9774399,42366.2501753497,e9347ff8-e1a8-4260-b850-30d72e50bb85
535,N06000002,Belfast North,145236,534734,-5.94866,54.64262,50336637.0065994,41147.8974628283,d6d5ab73-a768-485c-b14d-6a71eb2b2221
536,N06000003,Belfast South,145758,526423,-5.93339,54.56837,44845728.9215469,45957.4858767491,89bfe77f-9486-4f76-bd22-c7e8c0e57525
537,N06000004,Belfast West,141839,529165,-5.99627,54.59097,45168017.569725,39496.9137578159,eb557f25-94ff-44e5-b0ee-ca426f6b1222
538,N06000005,East Antrim,146667,564009,-5.95208,54.90581,593247666.976997,205928.24626098,0e8519fd-71d4-43b5-9970-a5ae68459f37
539,N06000006,East Londonderry,89620,579624,-6.85568,55.01349,1277124887.83025,242648.022068167,2e84c797-5609-4b15-ba0d-1a7e42d967f7
540,N06000007,Fermanagh and South Tyrone,40652,510258,-7.53268,54.36015,2511710163.25421,478256.402837407,93e663da-7222-4ee6-bafb-9091946fc540
541,N06000008,Foyle,62897,578624,-7.27068,54.98718,184002040.41592,82118.9158106027,2149b213-a46c-4aeb-8123-823a6d257c48
542,N06000009,Lagan Valley,136134,513375,-6.07021,54.44648,468096383.078529,145746.085629333,851ed6a6-7f57-4280-801c-30dc4df06d38
543,N06000010,Mid Ulster,96559,546851,-6.7131,54.72425,1350365514.30647,203664.664755665,6841cb3f-33ca-4234-b1d6-7d9581247459
544,N06000011,Newry and Armagh,101133,493856,-6.58873,54.25226,1082778875.91694,219399.811706609,1c8f120d-0a85-44fe-b89d-966281fe85c9
545,N06000012,North Antrim,126408,577142,-6.2797,55.01283,1387313642.84591,294432.532361401,a8d8092b-9e6e-4c04-819c-0908403bab33
546,N06000013,North Down,161862,532857,-5.69006,54.63391,115443990.455894,109739.218446736,13e912df-d4e1-4c3c-ba34-6c7a1bba0a63
547,N06000014,South Antrim,129133,539234,-6.20169,54.67457,785555599.025253,165815.351737856,17358a25-89e2-4677-ba99-28374f1b984c
548,N06000015,South Down,143313,489313,-5.93906,54.23441,1250359970.94518,301936.630024039,c1510b58-28c3-4fbb-a852-f445f87d4005
549,N06000016,Strangford,163128,515007,-5.65612,54.47441,655248319.670319,183016.44088635,ef34a426-da8f-4c9f-b1ff-b9979e3aea6e
550,N06000017,Upper Bann,115180,517442,-6.39633,54.47162,480126627.106964,132785.681191396,11e0edca-3f41-4be1-8932-49dedfc70e3d
551,N06000018,West Tyrone,49749,544816,-7.43433,54.67567,1996214938.16213,308293.966431184,fe49672c-73c1-427c-9ce7-e45c874f0b17
552,S14000001,Aberdeen North,389796,808947,-2.17038,57.17123,47406442.846344,57163.7436337929,4cb012f2-6ea6-4672-a476-5c1dfa48e3c3
553,S14000002,Aberdeen South,384133,802600,-2.26363,57.11405,82308739.3095093,84591.2631486631,34d5b882-0d40-4dfc-a814-6fb4818a1715
554,S14000003,Airdrie and Shotts,283330,662650,-3.86475,55.8429,229438336.93837,92615.7077504331,f50819f4-6993-4c6d-b0e1-ac9c7b1af59a
555,S14000004,Angus,344353,761976,-2.91145,56.74606,1973503994.82855,312939.36848899,ee0d333b-bfec-4ffd-92f7-50843a8f306f
556,S14000005,Argyll and Bute,200740,715443,-5.22114,56.28944,7006318125.21479,3803209.36963388,d94ec513-e9a0-4bc0-a460-bab3722f4bdc
557,S14000006,"Ayr, Carrick and Cumnock",238952,603944,-4.53852,55.30317,1628717241.34454,328723.728361584,3f92ddbe-a877-47f1-afaa-ca580c8869fb
558,S14000007,Banff and Buchan,386376,849383,-2.22919,57.53436,1589876805.12064,350841.245239467,193b0fcc-c96e-423d-8bd3-3cf41370ebe3
559,S14000008,"Berwickshire, Roxburgh and Selkirk",356200,624537,-2.69512,55.51261,3839118788.85037,462976.330120306,d59dcb2e-3006-49a4-a5a5-29c8f86b4dcd
560,S14000009,"Caithness, Sutherland and Easter Ross",258617,918471,-4.4027,58.13248,8626228739.95992,1658001.40584903,22bd3019-518f-427f-bf49-f157c4915061
561,S14000010,Central Ayrshire,238950,628173,-4.55254,55.52066,232522223.374268,137288.152964048,44eae8a9-4af6-4ddd-8787-b5091046e9e5
562,S14000011,"Coatbridge, Chryston and Bellshill",269133,669782,-4.09476,55.90329,83437925.3175049,72937.7535800821,b0c65137-d460-414b-bb78-bddad474afd1
563,S14000012,"Cumbernauld, Kilsyth and Kirkintilloch East",268306,677738,-4.11186,55.9745,190554361.33725,104173.646770105,e3600be9-ec28-48ad-bf5e-0e8977b13e77
564,S14000013,Dumfries and Galloway,252740,567859,-4.30279,54.9835,3994872482.15323,936272.715630264,16c0145c-d6c4-4a29-9cb4-96e7cfb670d0
565,S14000014,"Dumfriesshire, Clydesdale and Tweeddale",305399,610683,-3.4946,55.38097,4292230821.67833,571991.872721871,0da89939-941b-4133-a8c4-b0c5e1565696
566,S14000015,Dundee East,347896,736729,-2.84842,56.51969,152945225.813034,75030.8758299527,922b6d7d-9866-49bb-8c4c-9b5130731b75
567,S14000016,Dundee West,333100,735387,-3.0885,56.50576,118504613.407013,58575.8717293838,4fc786ed-205b-4ba0-bb50-4777876d45a7
568,S14000017,Dunfermline and West Fife,304851,688767,-3.53045,56.0822,228712042.913666,106276.312589396,ab201607-80e0-4d99-a485-72a7243b117b
569,S14000018,East Dunbartonshire,256840,674119,-4.29351,55.93873,85213638.6423492,68622.919969867,a0106502-0184-4eba-b6d7-b9b3d0dc0364
570,S14000019,"East Kilbride, Strathaven and Lesmahagow",268907,644910,-4.08639,55.67991,408386781.205215,153030.433940929,fce15069-ed18-4cb5-aa59-95999bd912e5
571,S14000020,East Lothian,354854,672351,-2.72435,55.94207,679179836.308762,200290.247298162,44fa49ca-f6f5-45ea-b17d-9bfe1f200ff4
572,S14000021,East Renfrewshire,251929,653115,-4.3606,55.74868,174249494.312546,93882.514003629,9864ba18-e3f3-44b6-8835-e1f712a0ac01
573,S14000022,Edinburgh East,328720,672753,-3.14277,55.94251,25822395.909317,28212.2315084232,10855ef1-1778-4945-bd93-f4891cccc383
574,S14000023,Edinburgh North and Leith,324819,675786,-3.20606,55.96915,20068724.5215607,29468.8848405957,b38f31c7-f0d6-443b-8be2-1d26e9be1b25
575,S14000024,Edinburgh South,326643,669657,-3.17517,55.91438,28649366.6762085,28949.9444143786,35a226b6-2fbd-47a8-aaec-86f2a56de985
576,S14000025,Edinburgh South West,318312,666474,-3.30746,55.88445,90360869.7051086,60330.2583074526,15cd245a-7abb-4426-a0cc-ca8d5b740365
577,S14000026,Edinburgh West,316926,673573,-3.33179,55.94797,98453951.2007751,69624.1790224159,693840c9-5574-448f-ac55-abacf352e907
578,S14000027,Na h-Eileanan an Iar,126473,932862,-6.65722,58.19938,3096880085.08127,3874620.46077506,7efdf6c0-da86-4fc9-8d84-8c4730ecc7a1
579,S14000028,Falkirk,283492,683752,-3.87128,56.03243,174676958.726242,95191.9266512009,b6e0d1c0-66dd-479e-832f-0c617ad9412a
580,S14000029,Glasgow Central,257847,663263,-4.2717,55.84157,20308108.5441895,44797.5763781892,7750aeb0-97d8-4831-b5a5-3692521eca05
581,S14000030,Glasgow East,265327,664585,-4.153,55.85558,38682829.081131,36800.6605120269,129d2c96-39d3-4808-90aa-f85cacc02d28
582,S14000031,Glasgow North,256777,668773,-4.29168,55.89072,16853271.8558807,27281.1587273128,5cb108ea-6124-460e-beef-ef413da6a317
583,S14000032,Glasgow North East,261760,668310,-4.21184,55.88802,27741201.065918,31414.2064727572,497eca43-69da-4617-b6d5-4e2da433b7e4
584,S14000033,Glasgow North West,253174,669166,-4.34945,55.89316,18059084.0637817,25448.3393341197,ba99b438-cde6-46d0-9455-31191ba95a24
585,S14000034,Glasgow South,258684,660035,-4.25666,55.81283,26723939.861908,35276.3352811077,92e8fddd-0b82-4301-9a26-5b5f86f3d4af
586,S14000035,Glasgow South West,253614,663773,-4.33951,55.84488,26317037.0271454,33862.8258513877,f1680765-bcd5-42a1-afe3-df9c0fac548c
587,S14000036,Glenrothes,328253,698904,-3.15726,56.17734,177227630.728226,84899.5359837053,689760cc-8ed3-481a-a1a6-3e2dde002188
588,S14000037,Gordon,370510,829595,-2.49177,57.35586,1516936503.5271,353649.686720896,7d47148b-561a-44bf-9972-bb4b1c540dd0
589,S14000038,Inverclyde,227922,670894,-4.75387,55.9003,161948858.62883,79292.3993194072,e759a1b4-effe-4914-aa84-6ff2c5da89df
590,S14000039,"Inverness, Nairn, Badenoch and Strathspey",263458,814404,-4.26163,57.19999,4928705091.49898,454030.062571516,fdc89e6f-4288-4300-b1dd-a66d0aca9526
591,S14000040,Kilmarnock and Loudoun,255398,633167,-4.29487,55.57064,701807582.194016,217194.169683432,397767c4-a238-4ba3-b39f-3d1722687425
592,S14000041,Kirkcaldy and Cowdenbeath,322259,690504,-3.25133,56.10095,148553218.802567,113078.212544073,3167f059-4c66-42e5-aefa-841a7af19b92
593,S14000042,Lanark and Hamilton East,290722,650833,-3.74202,55.73851,363524594.449707,146750.517546156,4b418cfb-ed1c-4065-a291-aca7732e0c77
594,S14000043,Linlithgow and East Falkirk,292663,672963,-3.71988,55.93769,280001061.522491,145471.982838851,75742668-c363-4d23-b2fb-17cb1b9a0f57
595,S14000044,Livingston,302051,663045,-3.56606,55.85062,271459689.623581,112290.206673502,9493058a-3af6-47ed-b342-8e95db28e403
596,S14000045,Midlothian,330088,659217,-3.11738,55.82111,355271590.952484,126472.829943255,453fa92d-0fc8-47ce-a00d-d9976ecde566
597,S14000046,Moray,328024,843593,-3.20187,57.47683,2237218030.82169,459685.936151723,14017efd-6990-4cef-9fc7-091ca14b67a1
598,S14000047,Motherwell and Wishaw,277792,656049,-3.95017,55.78225,58089654.4703217,47438.0831469797,7f58a9ad-a9c0-4aa1-9592-33c06c5bda32
599,S14000048,North Ayrshire and Arran,195921,636366,-5.23906,55.57807,816940440.822823,299890.451536598,fa8e6fe4-bd86-401e-8a1b-571e371cb81d
600,S14000049,North East Fife,338928,714312,-2.98891,56.31724,770877799.724976,221765.789509654,6d07e43a-57cb-4bc4-a967-41d9edeceb0d
601,S14000050,Ochil and South Perthshire,293171,714167,-3.72827,56.30783,1712087539.70099,317064.103205451,9c63fbb1-2354-4748-887c-d138f9ff49ff
602,S14000051,Orkney and Shetland,434516,1180307,-1.37344,60.50495,2483552430.66618,3525967.36420188,81a9cd15-de9e-4b71-93cd-d0bb0798c774
603,S14000052,Paisley and Renfrewshire North,243336,668525,-4.50623,55.8843,123424688.035095,91951.9816777881,4a5b09e6-f04a-4bb0-b58f-2e80141fd878
604,S14000053,Paisley and Renfrewshire South,239382,660301,-4.56451,55.80918,138063005.172256,84981.9761343211,bc2c1fb2-b764-42aa-a0bc-299942070fc7
605,S14000054,Perth and North Perthshire,282156,752482,-3.92353,56.64924,3830654634.79974,467294.438196337,0e8c8f47-e096-4b6f-89a5-160a1ff90032
606,S14000055,"Ross, Skye and Lochaber",211302,834601,-5.13902,57.36264,12604643451.9756,3620381.76830207,6bce7417-2245-45e1-b4c2-240fb164462a
607,S14000056,Rutherglen and Hamilton West,268594,657784,-4.09756,55.79542,51387225.2524109,56647.9550669034,432d5e9c-b76e-48c6-b868-19ef3b5877f3
608,S14000057,Stirling,255980,708769,-4.32595,56.24953,2253344395.54311,341963.178281951,88cfa1ea-3463-4337-9746-56d8149804db
609,S14000058,West Aberdeenshire and Kincardine,342584,792624,-2.9473,57.02113,3267016673.04683,495581.868571725,25f7ad41-fb23-435b-b426-beea1cffb23d
610,S14000059,West Dunbartonshire,242904,681586,-4.52074,56.0014,177320345.918091,103697.458333468,833b02de-3bff-44de-b5fe-26b10e3ffb35
611,W07000041,Ynys Mon,245212,378343,-4.32306,53.27942,714801797.323639,376925.437393563,0fb416eb-4682-4925-a1a5-b84db3cd8b60
612,W07000042,Delyn,318273,370837,-3.22571,53.22827,284506654.448471,184635.912456549,2e7761bc-346e-42d9-a9ad-be1ee6edb336
613,W07000043,Alyn and Deeside,330102,362490,-3.04672,53.15495,155217282.377213,125776.275815269,717eaca8-b966-44ad-834e-e55a1d7f876a
614,W07000044,Wrexham,336339,353957,-2.95177,53.07904,103166172.840385,70866.586961604,19efe127-2ed5-4ec9-9a5f-9369b22ad0c9
615,W07000045,Llanelli,249768,205472,-4.17667,51.72778,234972273.295403,244780.488125178,3ac0d307-556b-45cc-b1d6-896429edd39c
616,W07000046,Gower,256423,192102,-4.07488,51.60939,296126405.687176,284419.540634528,213251bb-d4aa-47b1-a0d1-657fb84e602b
617,W07000047,Swansea West,262790,193117,-3.98338,51.6201,32724334.0433922,35899.8805796575,4c5c0d7e-df6b-4821-bf1d-49a68f93320b
618,W07000048,Swansea East,267106,196223,-3.92226,51.64905,48745655.8633842,41456.2855089217,ac1df335-53a0-496b-b387-98dbad930d9b
619,W07000049,Aberavon,281995,189115,-3.70476,51.58849,177305753.442245,126526.049753681,e42953db-91fd-4f12-8783-fcaa1b35f1bb
620,W07000050,Cardiff Central,319313,179182,-3.16395,51.50578,16802889.5125198,21452.7632473691,dc03c801-a15f-47e3-ba1f-5404e95d9d39
621,W07000051,Cardiff North,316056,181631,-3.21145,51.52732,42657159.3670578,40860.0493345688,33d09ff1-5a75-422d-8ba9-d62be33981d0
622,W07000052,Rhondda,296949,196169,-3.49106,51.65483,99900579.9887276,50976.6101628959,11169f4a-8566-40c3-a237-0cf101b09958
623,W07000053,Torfaen,327169,200182,-3.05515,51.69564,117603874.670658,81895.4462051403,95df2e42-f1d5-4822-8e42-cc740033e209
624,W07000054,Monmouth,337812,209231,-2.9028,51.77827,830459594.917492,222088.109152964,a42e14dc-a4f6-4276-b57d-7a7a2b916de8
625,W07000055,Newport East,338924,188369,-2.88303,51.59084,122399214.899605,79580.635220179,5d5ba917-5316-481e-a615-089a6189f836
626,W07000056,Newport West,328762,186183,-3.02925,51.57,96414668.8643799,100877.684842201,30a66709-53e2-4772-ba28-c34ab991e130
627,W07000057,Arfon,256909,361596,-4.14025,53.13227,409180075.101784,128626.504175202,f5007302-93b1-40be-b149-89d85ceaac0f
628,W07000058,Aberconwy,276098,360887,-3.85333,53.13071,604179932.281662,216580.928563937,b84f30a2-adc5-4e59-814f-f1b45dda32c1
629,W07000059,Clwyd West,297156,361691,-3.53898,53.14242,926148678.705391,225099.931353875,931129c3-95be-45bb-a464-59c3127641a4
630,W07000060,Vale of Clwyd,306235,374013,-3.40692,53.25482,216235148.953491,126475.738505302,1b213924-de5a-44a8-b656-bfcc3f783bc8
631,W07000061,Dwyfor Meirionnydd,273979,326157,-3.87145,52.81819,2138711631.5647,585642.336122304,58001d57-438b-4049-bf3e-d312f4bdc58c
632,W07000062,Clwyd South,327082,342911,-3.08743,52.97857,622810288.382568,205365.299865937,2b3593cd-5852-42f4-8689-b41c1ccaf62e
633,W07000063,Montgomeryshire,301718,304472,-3.4535,52.62909,2181357345.32703,347440.481216092,52f72935-927a-49de-9d9f-28aefc71230f
634,W07000064,Ceredigion,267127,268437,-3.94993,52.29795,1788908741.39941,380232.841187421,aa3576d9-36c2-4681-adf2-506e7359dcfe
635,W07000065,Preseli Pembrokeshire,193261,226432,-5.00632,51.89799,1180255078.68132,515058.569092729,2f7d3c92-5252-433a-90ef-7adcb3de87bf
636,W07000066,Carmarthen West and South Pembrokeshire,216123,213331,-4.66747,51.78834,1018456698.08382,454157.429737089,374cbaee-bd5f-4be2-a39c-a3747677f265
637,W07000067,Carmarthen East and Dinefwr,262869,228244,-3.99613,51.93576,1555764471.4356,320481.097132326,d20451b2-48af-4222-93ea-83bdce2cd6cd
638,W07000068,Brecon and Radnorshire,305328,248413,-3.38434,52.12589,3014831337.83467,362766.793941685,cc207302-5fe1-4dcb-8e5f-6e63c8bd1c0f
639,W07000069,Neath,280613,203826,-3.72973,51.72041,264966877.323673,117062.676980465,86dda350-41cd-48ce-9504-997159e7b714
640,W07000070,Cynon Valley,297160,203213,-3.49009,51.71818,182363753.028111,86570.9343420591,3bddf33c-1b6d-4e16-80a5-2f7acc7fa4d2
641,W07000071,Merthyr Tydfil and Rhymney,307976,203618,-3.33368,51.7237,161919620.555225,74876.3696326764,f54bfdf2-62eb-4e3c-99c3-f9089d1543d5
642,W07000072,Blaenau Gwent,318236,206771,-3.18592,51.75364,108728050.001366,65601.7710712481,a7a44a72-b25d-488e-b702-a75eb1ee68cf
643,W07000073,Bridgend,287211,179698,-3.62648,51.50492,84731930.250412,63060.103428046,81d60239-35ad-43a7-8326-178b7d30371d
644,W07000074,Ogmore,291741,187410,-3.56361,51.57513,202907613.098457,82258.5591020857,ab258c3d-2579-4fa1-bed3-5547efbed92d
645,W07000075,Pontypridd,307034,185796,-3.34257,51.56335,105032047.684128,73150.0316918367,00b433df-b9da-41cc-9505-2f143e040d75
646,W07000076,Caerphilly,316860,188276,-3.20144,51.58718,114555896.617451,72271.9893517431,a98a6b86-a860-4107-80b6-530d99fae591
647,W07000077,Islwyn,320517,196276,-3.15048,51.65962,111992747.928387,65356.3196477384,d9dc1aa1-6e11-476d-bca3-80792b488af5
648,W07000078,Vale of Glamorgan,302293,173081,-3.40742,51.44825,315203038.222385,104916.05405448,fefe79ba-08a0-4dc6-a0bf-c15e3a3f828c
649,W07000079,Cardiff West,312437,178939,-3.26294,51.50257,50980166.60709,40532.8014588178,be20def9-8c80-4d99-a443-d5a954c28fa8
650,W07000080,Cardiff South and Penarth,317947,171807,-3.18191,51.43929,47901221.3399734,70682.0249392729,bfd77192-dccf-46ee-b9ca-2301baab2af6
